Anime Title,Year Aired,Rating,Status,Number of Episode,Genre,Source
Boku dake ga Inai Machi,2016,8.3,Finished,12,"['Mystery', 'Supernatural', 'Suspense']",Manga
Yakusoku no Neverland,2019,8.5,Finished,12,"['Fantasy', 'Mystery', 'Sci-Fi', 'Suspense']",Manga
Another,2012,7.47,Finished,12,"['Horror', 'Mystery', 'Supernatural']",Novel
Psycho-Pass,2012,8.33,Finished,22,"['Action', 'Mystery', 'Sci-Fi', 'Suspense']",Original
Kakegurui,2017,7.24,Finished,12,"['Drama', 'Mystery']",Manga
Durarara!!,2010,8.1,Finished,24,"['Action', 'Mystery', 'Supernatural']",Light novel
Bakemonogatari,2009,8.33,Finished,15,"['Mystery', 'Romance', 'Supernatural']",Light novel
Bungou Stray Dogs,2016,7.82,Finished,12,"['Action', 'Mystery', 'Supernatural']",Manga
Made in Abyss,2017,8.65,Finished,13,"['Adventure', 'Drama', 'Fantasy', 'Mystery', 'Sci-Fi']",Web manga
Hyouka,2012,8.07,Finished,22,"['Mystery', 'Slice of Life']",Novel
Kuroshitsuji,2008,7.66,Finished,24,"['Action', 'Fantasy', 'Mystery']",Manga
Zankyou no Terror,2014,8.09,Finished,11,"['Mystery', 'Suspense']",Original
Monster,2004,8.88,Finished,74,"['Drama', 'Mystery', 'Suspense']",Manga
Darker than Black: Kuro no Keiyakusha,2007,8.06,Finished,25,"['Action', 'Mystery', 'Sci-Fi']",Original
Danganronpa: Kibou no Gakuen to Zetsubou no Koukousei The Animation,2013,7.2,Finished,13,"['Horror', 'Mystery']",Visual novel
Black Bullet,2014,7.09,Finished,13,"['Action', 'Mystery', 'Sci-Fi']",Source
Suzumiya Haruhi no Yuuutsu,2006,7.83,Finished,14,"['Award Winning', 'Comedy', 'Mystery', 'Sci-Fi']",Light novel
Kami no Tou,2020,7.55,Finished,13,"['Action', 'Adventure', 'Drama', 'Fantasy', 'Mystery']",Web manga
Baccano!,2007,8.36,Finished,13,"['Action', 'Mystery', 'Supernatural']",Light novel
Bungou Stray Dogs 2nd Season,2016,8.18,Finished,12,"['Action', 'Mystery', 'Supernatural']",Manga
Mushishi,2005,8.66,Finished,26,"['Adventure', 'Mystery', 'Slice of Life', 'Supernatural']",Manga
Higurashi no Naku Koro ni,2006,7.88,Finished,26,"['Horror', 'Mystery', 'Supernatural']",Visual novel
Yamada-kun to 7-nin no Majo,2015,7.54,Finished,12,"['Comedy', 'Mystery', 'Romance', 'Supernatural']",Manga
Shinsekai yori,2012,8.27,Finished,25,"['Drama', 'Fantasy', 'Horror', 'Mystery', 'Sci-Fi', 'Suspense']",Novel
Kakegurui××,2019,7.19,Finished,12,"['Drama', 'Mystery']",Manga
Serial Experiments Lain,1998,8.09,Finished,13,"['Avant Garde', 'Award Winning', 'Drama', 'Mystery', 'Sci-Fi', 'Supernatural', 'Suspense']",Original
K,2012,7.43,Finished,13,"['Action', 'Fantasy', 'Mystery']",Original
Nisemonogatari,2012,8.14,Finished,11,"['Comedy', 'Mystery', 'Supernatural', 'Ecchi']",Light novel
Monogatari Series: Second Season,2013,8.76,Finished,26,"['Comedy', 'Mystery', 'Romance', 'Supernatural']",Light novel
Great Pretender,2020,8.21,Finished,23,"['Action', 'Adventure', 'Mystery']",Original
Psycho-Pass 2,2014,7.4,Finished,11,"['Action', 'Mystery', 'Sci-Fi', 'Suspense']",Original
Ergo Proxy,2006,7.9,Finished,23,"['Mystery', 'Sci-Fi']",Original
Koukaku Kidoutai,1995,8.27,Finished,1,"['Action', 'Award Winning', 'Mystery', 'Sci-Fi', 'Suspense']",Manga
Rokka no Yuusha,2015,7.27,Finished,12,"['Action', 'Adventure', 'Fantasy', 'Mystery']",Light novel
Bungou Stray Dogs 3rd Season,2019,8.21,Finished,12,"['Action', 'Mystery', 'Supernatural']",Manga
Suzumiya Haruhi no Shoushitsu,2010,8.6,Finished,1,"['Award Winning', 'Mystery', 'Sci-Fi', 'Supernatural']",Light novel
Vampire Knight,2008,6.86,Finished,13,"['Drama', 'Mystery', 'Romance', 'Supernatural']",Manga
Shiki,2010,7.73,Finished,22,"['Horror', 'Mystery', 'Supernatural']",Manga
Zetsuen no Tempest,2012,7.9,Finished,24,"['Action', 'Drama', 'Fantasy', 'Mystery']",Manga
Ajin,2016,7.39,Finished,13,"['Action', 'Horror', 'Mystery', 'Supernatural']",Manga
Higashi no Eden,2009,7.75,Finished,11,"['Award Winning', 'Mystery', 'Romance', 'Sci-Fi', 'Suspense']",Original
Darwin's Game,2020,7.22,Finished,11,"['Action', 'Mystery', 'Sci-Fi', 'Suspense']",Manga
Gosick,2011,8.04,Finished,24,"['Drama', 'Mystery', 'Romance']",Light novel
Paprika,2006,8.04,Finished,1,"['Avant Garde', 'Award Winning', 'Fantasy', 'Mystery', 'Sci-Fi', 'Suspense']",Novel
Suzumiya Haruhi no Yuuutsu (2009),2009,7.22,Finished,14,"['Comedy', 'Mystery', 'Sci-Fi']",Light novel
Kizumonogatari I: Tekketsu-hen,2016,8.36,Finished,1,"['Action', 'Mystery', 'Supernatural']",Light novel
Vanitas no Karte,2021,7.9,Finished,12,"['Action', 'Fantasy', 'Mystery']",Manga
"Sekai Saikou no Ansatsusha, Isekai Kizoku ni Tensei suru",2021,7.35,Finished,12,"['Action', 'Drama', 'Fantasy', 'Mystery', 'Romance']",Source
Summertime Render,2022,8.49,Finished,25,"['Mystery', 'Supernatural', 'Suspense']",Manga
Gleipnir,2020,6.98,Finished,13,"['Action', 'Mystery', 'Supernatural', 'Ecchi']",Manga
Durarara!!x2 Shou,2015,7.98,Finished,12,"['Action', 'Mystery', 'Supernatural']",Light novel
Higurashi no Naku Koro ni Kai,2007,8.17,Finished,24,"['Horror', 'Mystery', 'Supernatural']",Visual novel
Owarimonogatari,2015,8.45,Finished,12,"['Comedy', 'Mystery', 'Supernatural']",Light novel
Kyokou Suiri,2020,6.91,Finished,12,"['Mystery', 'Romance', 'Supernatural']",Manga
Kizumonogatari III: Reiketsu-hen,2017,8.78,Finished,1,"['Action', 'Mystery', 'Supernatural']",Light novel
Houseki no Kuni,2017,8.39,Finished,12,"['Action', 'Drama', 'Fantasy', 'Mystery']",Manga
Made in Abyss Movie 3: Fukaki Tamashii no Reimei,2020,8.62,Finished,1,"['Adventure', 'Drama', 'Fantasy', 'Mystery', 'Sci-Fi']",Web manga
Gakkougurashi!,2015,7.62,Finished,12,"['Horror', 'Mystery', 'Slice of Life', 'Supernatural', 'Suspense']",Manga
Tengoku Daimakyou,2023,8.22,Finished,13,"['Adventure', 'Mystery', 'Sci-Fi']",Manga
Yojouhan Shinwa Taikei,2010,8.56,Finished,11,"['Award Winning', 'Comedy', 'Mystery', 'Romance']",Novel
Kizumonogatari II: Nekketsu-hen,2016,8.57,Finished,1,"['Action', 'Mystery', 'Supernatural']",Light novel
No.6,2011,7.56,Finished,11,"['Action', 'Drama', 'Mystery', 'Sci-Fi']",Novel
Made in Abyss: Retsujitsu no Ougonkyou,2022,8.64,Finished,12,"['Adventure', 'Drama', 'Fantasy', 'Mystery', 'Sci-Fi', 'Suspense']",Web manga
"Kumo desu ga, Nani ka?",2021,7.45,Finished,24,"['Action', 'Adventure', 'Comedy', 'Fantasy', 'Mystery']",Light novel
Pandora Hearts,2009,7.65,Finished,25,"['Adventure', 'Fantasy', 'Mystery']",Manga
Fugou Keiji: Balance:Unlimited,2020,7.52,Finished,11,['Mystery'],Novel
Hanamonogatari,2014,7.92,Finished,5,"['Comedy', 'Mystery', 'Supernatural']",Light novel
Odd Taxi,2021,8.67,Finished,13,"['Award Winning', 'Drama', 'Mystery', 'Suspense']",Source
Kara no Kyoukai Movie 1: Fukan Fuukei,2007,7.57,Finished,1,"['Action', 'Mystery', 'Supernatural', 'Suspense']",Light novel
Yuukoku no Moriarty,2020,8.17,Finished,11,"['Mystery', 'Suspense']",Manga
Mousou Dairinin,2004,7.67,Finished,13,"['Avant Garde', 'Drama', 'Mystery', 'Supernatural', 'Suspense']",Original
Tsukimonogatari,2014,8.09,Finished,4,"['Comedy', 'Mystery', 'Supernatural', 'Ecchi']",Light novel
Darker than Black: Ryuusei no Gemini,2009,7.43,Finished,12,"['Action', 'Mystery', 'Sci-Fi']",Original
Kuroshitsuji: Book of Circus,2014,8.06,Finished,10,"['Action', 'Fantasy', 'Mystery']",Manga
Tasogare Otome x Amnesia,2012,7.82,Finished,12,"['Horror', 'Mystery', 'Romance', 'Supernatural']",Manga
Owarimonogatari 2nd Season,2017,8.87,Finished,7,"['Comedy', 'Mystery', 'Supernatural']",Light novel
Koukaku Kidoutai: Stand Alone Complex,2002,8.42,Finished,26,"['Action', 'Award Winning', 'Mystery', 'Sci-Fi']",Manga
Durarara!!x2 Ten,2015,7.97,Finished,12,"['Action', 'Mystery', 'Supernatural']",Light novel
Corpse Party: Tortured Souls - Bougyakusareta Tamashii no Jukyou,2013,6.43,Finished,4,"['Horror', 'Mystery', 'Supernatural']",Visual novel
Durarara!!x2 Ketsu,2016,8.05,Finished,12,"['Action', 'Mystery', 'Supernatural']",Light novel
Blood+,2005,7.61,Finished,50,"['Action', 'Drama', 'Horror', 'Mystery', 'Supernatural']",Original
Kemono Jihen,2021,7.38,Finished,12,"['Action', 'Fantasy', 'Mystery']",Manga
Blood-C,2011,6.53,Finished,12,"['Action', 'Horror', 'Mystery', 'Supernatural']",Original
Id:Invaded,2020,7.83,Finished,13,"['Mystery', 'Sci-Fi', 'Suspense']",Original
Vampire Knight Guilty,2008,7.09,Finished,13,"['Drama', 'Mystery', 'Romance', 'Supernatural']",Manga
"Tantei wa Mou, Shindeiru.",2021,6.39,Finished,12,"['Comedy', 'Mystery', 'Romance']",Light novel
Jigoku Shoujo,2005,7.61,Finished,26,"['Horror', 'Mystery', 'Supernatural', 'Suspense']",Original
Shiguang Dailiren,2021,8.68,Finished,11,"['Drama', 'Mystery', 'Supernatural', 'Suspense']",Original
Danganronpa 3: The End of Kibougamine Gakuen - Mirai-hen,2016,7.22,Finished,12,"['Action', 'Horror', 'Mystery']",Visual novel
Meitantei Conan,1996,8.17,Airing,?,"['Adventure', 'Comedy', 'Mystery']",Manga
B: The Beginning,2018,7.17,Finished,12,"['Action', 'Mystery', 'Supernatural', 'Suspense']",Original
Shoujo Shuumatsu Ryokou,2017,8.21,Finished,12,"['Adventure', 'Mystery', 'Sci-Fi', 'Slice of Life']",Web manga
Gokukoku no Brynhildr,2014,6.85,Finished,13,"['Drama', 'Mystery', 'Sci-Fi']",Manga
Wolf's Rain,2003,7.8,Finished,26,"['Action', 'Adventure', 'Drama', 'Fantasy', 'Mystery', 'Sci-Fi']",Original
Tenkuu Shinpan,2021,6.7,Finished,12,"['Action', 'Horror', 'Mystery', 'Suspense']",Web manga
Mononoke,2007,8.42,Finished,12,"['Horror', 'Mystery', 'Supernatural']",Original
Danganronpa 3: The End of Kibougamine Gakuen - Zetsubou-hen,2016,7.37,Finished,11,"['Action', 'Horror', 'Mystery']",Visual novel
xxxHOLiC,2006,7.98,Finished,24,"['Comedy', 'Drama', 'Mystery', 'Supernatural']",Manga
C: The Money of Soul and Possibility Control,2011,7.16,Finished,11,"['Action', 'Mystery', 'Sci-Fi', 'Suspense']",Original
Sonny Boy,2021,7.79,Finished,12,"['Award Winning', 'Mystery']",Original
Hamatora The Animation,2014,7.25,Finished,12,"['Action', 'Mystery', 'Supernatural']",Mixed media
Kanata no Astra,2019,8.08,Finished,12,"['Adventure', 'Award Winning', 'Mystery', 'Sci-Fi']",Manga
Kusuriya no Hitorigoto,2023,8.83,Airing,24,"['Drama', 'Mystery']",Source
Mawaru Penguindrum,2011,7.94,Finished,24,"['Avant Garde', 'Drama', 'Mystery', 'Supernatural']",Original
Mushishi Zoku Shou,2014,8.69,Finished,10,"['Adventure', 'Mystery', 'Slice of Life', 'Supernatural']",Manga
Omoide no Marnie,2014,8.04,Finished,1,"['Drama', 'Mystery']",Novel
Amnesia,2013,5.98,Finished,12,"['Fantasy', 'Mystery', 'Romance']",Visual novel
Ajin Part 2,2016,7.57,Finished,13,"['Action', 'Horror', 'Mystery', 'Supernatural']",Manga
ChäoS;HEAd,2008,6.3,Finished,12,"['Mystery', 'Sci-Fi', 'Supernatural']",Visual novel
Haibane Renmei,2002,7.97,Finished,13,"['Drama', 'Fantasy', 'Mystery']",Other
Bungou Stray Dogs 4th Season,2023,8.45,Finished,13,"['Action', 'Mystery', 'Supernatural']",Manga
Bungou Stray Dogs: Dead Apple,2018,7.92,Finished,1,"['Action', 'Mystery', 'Supernatural']",Manga
Vanitas no Karte Part 2,2022,8.2,Finished,12,"['Action', 'Fantasy', 'Mystery']",Manga
Higurashi no Naku Koro ni Gou,2020,7.2,Finished,24,"['Horror', 'Mystery', 'Supernatural']",Visual novel
Psycho-Pass 3,2019,7.44,Finished,8,"['Action', 'Mystery', 'Sci-Fi', 'Suspense']",Original
Mushishi Zoku Shou 2nd Season,2014,8.73,Finished,10,"['Adventure', 'Mystery', 'Slice of Life', 'Supernatural']",Manga
Persona 4 the Animation,2011,7.51,Finished,25,"['Action', 'Mystery', 'Sci-Fi', 'Supernatural']",Game
Darker than Black: Kuro no Keiyakusha Gaiden,2010,7.91,Finished,4,"['Action', 'Mystery', 'Sci-Fi']",Original
ef: A Tale of Memories.,2007,7.88,Finished,12,"['Drama', 'Mystery', 'Romance']",Visual novel
Gankutsuou,2004,8.13,Finished,24,"['Award Winning', 'Drama', 'Mystery', 'Sci-Fi', 'Supernatural', 'Suspense']",Novel
Yuukoku no Moriarty Part 2,2021,8.28,Finished,13,"['Mystery', 'Suspense']",Manga
Koyomimonogatari,2016,7.62,Finished,12,"['Comedy', 'Mystery', 'Supernatural']",Light novel
Shadows House,2021,7.8,Finished,13,"['Fantasy', 'Mystery']",Manga
Kuroshitsuji: Book of Murder,2015,8.06,Finished,2,"['Action', 'Fantasy', 'Mystery']",Manga
Ousama Game The Animation,2017,5.06,Finished,12,"['Drama', 'Horror', 'Mystery', 'Supernatural']",Novel
Kara no Kyoukai Movie 2: Satsujin Kousatsu (Zen),2007,7.77,Finished,1,"['Action', 'Mystery', 'Romance', 'Supernatural', 'Suspense']",Light novel
Kamisama no Memochou,2011,7.47,Finished,12,"['Drama', 'Mystery']",Light novel
Ryuugajou Nanana no Maizoukin,2014,7.12,Finished,11,"['Adventure', 'Mystery', 'Supernatural']",Light novel
Kara no Kyoukai Movie 5: Mujun Rasen,2008,8.52,Finished,1,"['Action', 'Drama', 'Mystery', 'Romance', 'Supernatural', 'Suspense']",Light novel
Ghost Hunt,2006,7.75,Finished,25,"['Horror', 'Mystery', 'Supernatural']",Manga
Canaan,2009,7.22,Finished,13,"['Action', 'Mystery', 'Sci-Fi', 'Supernatural']",Visual novel
Kujira no Kora wa Sajou ni Utau,2017,7.17,Finished,12,"['Drama', 'Fantasy', 'Mystery', 'Sci-Fi']",Manga
Mo Dao Zu Shi,2018,8.4,Finished,15,"['Action', 'Adventure', 'Drama', 'Fantasy', 'Mystery']",Web novel
Kara no Kyoukai Movie 3: Tsuukaku Zanryuu,2008,8.02,Finished,1,"['Action', 'Drama', 'Mystery', 'Supernatural', 'Suspense']",Light novel
Boogiepop wa Warawanai (2019),2019,7.07,Finished,18,"['Avant Garde', 'Drama', 'Horror', 'Mystery', 'Supernatural']",Light novel
Tiger & Bunny,2011,7.85,Finished,25,"['Action', 'Comedy', 'Mystery', 'Sci-Fi']",Original
Koukaku Kidoutai: Stand Alone Complex 2nd GIG,2004,8.52,Finished,26,"['Action', 'Mystery', 'Sci-Fi']",Manga
Zoku Owarimonogatari,2019,8.44,Finished,6,"['Comedy', 'Mystery', 'Supernatural']",Light novel
Kamisama no Inai Nichiyoubi,2013,7.28,Finished,12,"['Adventure', 'Drama', 'Fantasy', 'Mystery']",Light novel
Umineko no Naku Koro ni,2009,7.04,Finished,26,"['Horror', 'Mystery', 'Supernatural']",Visual novel
Shoujo Kakumei Utena,1997,8.21,Finished,39,"['Award Winning', 'Drama', 'Fantasy', 'Mystery']",Original
Mayoiga,2016,5.49,Finished,12,"['Drama', 'Horror', 'Mystery']",Original
Sakurako-san no Ashimoto ni wa Shitai ga Umatteiru,2015,7.42,Finished,12,"['Drama', 'Mystery', 'Suspense']",Novel
Karneval (TV),2013,7.08,Finished,13,"['Action', 'Fantasy', 'Mystery', 'Sci-Fi']",Manga
Kara no Kyoukai Movie 4: Garan no Dou,2008,7.82,Finished,1,"['Action', 'Mystery', 'Supernatural', 'Suspense']",Light novel
"Kono Naka ni Hitori, Imouto ga Iru!",2012,6.51,Finished,12,"['Comedy', 'Mystery', 'Romance', 'Ecchi']",Light novel
Joker Game,2016,7.03,Finished,12,"['Drama', 'Mystery', 'Suspense']",Novel
Princess Principal,2017,7.68,Finished,12,"['Action', 'Mystery']",Source
Gakkou no Kaidan,2000,7.74,Finished,19,"['Horror', 'Mystery', 'Supernatural']",Novel
Kara no Kyoukai Movie 7: Satsujin Kousatsu (Go),2009,8.38,Finished,1,"['Action', 'Mystery', 'Romance', 'Supernatural', 'Suspense']",Light novel
Kuroshitsuji Movie: Book of the Atlantic,2017,8.25,Finished,1,"['Action', 'Fantasy', 'Mystery']",Manga
Occultic;Nine,2016,6.89,Finished,12,"['Mystery', 'Sci-Fi']",Light novel
Higurashi no Naku Koro ni Rei,2009,7.41,Finished,5,"['Horror', 'Mystery', 'Supernatural']",Visual novel
Kara no Kyoukai Movie 6: Boukyaku Rokuon,2008,7.45,Finished,1,"['Action', 'Mystery', 'Romance', 'Supernatural', 'Suspense']",Light novel
Another: The Other - Inga,2012,7.26,Finished,1,"['Horror', 'Mystery', 'Suspense']",Novel
Hyouka: Motsubeki Mono wa,2012,7.35,Finished,1,"['Mystery', 'Slice of Life']",Light novel
Kokkoku,2018,6.98,Finished,12,"['Drama', 'Mystery', 'Supernatural']",Manga
.hack//Sign,2002,6.95,Finished,26,"['Adventure', 'Fantasy', 'Mystery']",Original
Danganronpa 3: The End of Kibougamine Gakuen - Kibou-hen,2016,7.4,Finished,1,"['Action', 'Horror', 'Mystery', 'Suspense']",Visual novel
Baccano! Specials,2008,8.09,Finished,3,"['Action', 'Mystery', 'Supernatural']",Light novel
Robotics;Notes,2012,7.31,Finished,22,"['Drama', 'Mystery', 'Sci-Fi']",Visual novel
Itou Junji: Collection,2018,6.51,Finished,12,"['Drama', 'Horror', 'Mystery', 'Supernatural']",Manga
Bungou Stray Dogs: Hitori Ayumu,2017,7.66,Finished,1,"['Action', 'Mystery', 'Supernatural']",Manga
Subete ga F ni Naru,2015,7.24,Finished,11,"['Mystery', 'Sci-Fi']",Novel
Higashi no Eden Movie I: The King of Eden,2009,7.54,Finished,1,"['Mystery', 'Romance', 'Sci-Fi', 'Suspense']",Original
Re:␣Hamatora,2014,7.35,Finished,12,"['Action', 'Mystery', 'Supernatural']",Mixed media
Shingetsutan Tsukihime,2003,6.81,Finished,12,"['Action', 'Horror', 'Mystery', 'Romance', 'Supernatural']",Visual novel
Bungou Stray Dogs 5th Season,2023,8.65,Finished,11,"['Action', 'Mystery', 'Supernatural']",Manga
Princess Tutu,2002,8.14,Finished,38,"['Comedy', 'Drama', 'Fantasy', 'Mystery', 'Romance']",Original
DRAMAtical Murder,2014,6.05,Finished,12,"['Action', 'Mystery', 'Sci-Fi']",Visual novel
ef: A Tale of Melodies.,2008,8,Finished,12,"['Drama', 'Mystery', 'Romance', 'Supernatural']",Visual novel
ACCA: 13-ku Kansatsu-ka,2017,7.66,Finished,12,"['Drama', 'Fantasy', 'Mystery']",Manga
Innocence,2004,7.78,Finished,1,"['Award Winning', 'Mystery', 'Sci-Fi']",Manga
Jigoku Shoujo Futakomori,2006,7.88,Finished,26,"['Horror', 'Mystery', 'Supernatural']",Original
Hakata Tonkotsu Ramens,2018,7.37,Finished,12,"['Action', 'Mystery']",Novel
Babylon,2019,6.74,Finished,12,"['Mystery', 'Suspense']",Novel
Kyokou Suiri Season 2,2023,7.35,Finished,12,"['Mystery', 'Romance', 'Supernatural']",Manga
Lord El-Melloi II Sei no Jikenbo: Rail Zeppelin Grace Note,2019,7.38,Finished,13,"['Fantasy', 'Mystery', 'Supernatural']",Light novel
Un-Go,2011,7.34,Finished,11,"['Mystery', 'Sci-Fi', 'Supernatural']",Novel
Shinreigari,2007,7.41,Finished,22,"['Mystery', 'Supernatural', 'Suspense']",Original
Kaiba,2008,8.14,Finished,12,"['Adventure', 'Avant Garde', 'Award Winning', 'Mystery', 'Romance', 'Sci-Fi']",Original
Dantalian no Shoka,2011,7.23,Finished,12,"['Action', 'Mystery', 'Supernatural']",Light novel
Kishibe Rohan wa Ugokanai,2017,7.62,Finished,4,"['Action', 'Mystery', 'Supernatural']",Manga
Denpa-teki na Kanojo,2009,7.49,Finished,2,"['Mystery', 'Suspense']",Light novel
Dennou Coil,2007,8.03,Finished,26,"['Adventure', 'Award Winning', 'Drama', 'Mystery', 'Sci-Fi']",Original
Higashi no Eden Movie II: Paradise Lost,2010,7.56,Finished,1,"['Mystery', 'Romance', 'Sci-Fi', 'Suspense']",Original
Sakurada Reset,2017,7.34,Finished,24,"['Mystery', 'Supernatural']",Light novel
xxxHOLiC◆Kei,2008,8.21,Finished,13,"['Comedy', 'Drama', 'Mystery', 'Supernatural']",Manga
Spy Kyoushitsu,2023,6.39,Finished,12,"['Action', 'Fantasy', 'Mystery']",Light novel
Pluto,2023,8.53,Finished,8,"['Action', 'Mystery', 'Sci-Fi', 'Suspense']",Manga
Loveless,2005,6.74,Finished,12,"['Boys Love', 'Drama', 'Mystery', 'Supernatural']",Manga
Mushishi: Hihamukage,2014,8.53,Finished,1,"['Adventure', 'Mystery', 'Slice of Life', 'Supernatural']",Manga
"Gyakuten Saiban: Sono ""Shinjitsu"", Igi Ari!",2016,6.51,Finished,24,"['Comedy', 'Drama', 'Mystery']",Game
Undead Girl Murder Farce,2023,7.9,Finished,13,"['Fantasy', 'Mystery']",Novel
Made in Abyss Movie 2: Hourou Suru Tasogare,2019,8.37,Finished,1,"['Adventure', 'Drama', 'Fantasy', 'Mystery', 'Sci-Fi']",Web manga
"Natsu e no Tunnel, Sayonara no Deguchi",2022,7.88,Finished,1,"['Drama', 'Mystery', 'Romance', 'Sci-Fi']",Light novel
Boogiepop wa Warawanai,2000,7.16,Finished,12,"['Avant Garde', 'Drama', 'Horror', 'Mystery', 'Supernatural']",Light novel
7 Seeds,2019,6.56,Finished,12,"['Adventure', 'Drama', 'Mystery', 'Romance', 'Sci-Fi']",Manga
Shinrei Tantei Yakumo,2010,7.3,Finished,13,"['Horror', 'Mystery', 'Supernatural']",Novel
ChäoS;Child,2017,6.31,Finished,12,"['Mystery', 'Sci-Fi', 'Supernatural']",Visual novel
Nakanohito Genome [Jikkyouchuu],2019,6.87,Finished,12,"['Adventure', 'Drama', 'Mystery']",Web manga
Karakuri Circus,2018,7.15,Finished,36,"['Action', 'Adventure', 'Drama', 'Mystery']",Manga
Mushishi Zoku Shou: Suzu no Shizuku,2015,8.59,Finished,1,"['Adventure', 'Mystery', 'Slice of Life', 'Supernatural']",Manga
Made in Abyss Movie 1: Tabidachi no Yoake,2019,8.16,Finished,1,"['Adventure', 'Drama', 'Fantasy', 'Mystery', 'Sci-Fi']",Web manga
GetBackers,2002,7.57,Finished,49,"['Action', 'Mystery', 'Supernatural']",Manga
Kara no Kyoukai Movie 8: Shuushou,2011,7.21,Finished,1,['Mystery'],Light novel
Urasekai Picnic,2021,6.64,Finished,12,"['Adventure', 'Fantasy', 'Mystery', 'Suspense']",Source
Ikebukuro West Gate Park,2020,6.87,Finished,12,"['Drama', 'Mystery']",Novel
RahXephon,2002,7.38,Finished,26,"['Action', 'Award Winning', 'Drama', 'Mystery', 'Romance', 'Sci-Fi']",Original
Cop Craft,2019,6.71,Finished,12,"['Action', 'Fantasy', 'Mystery', 'Sci-Fi']",Light novel
Alice to Zouroku,2017,7.1,Finished,12,"['Adventure', 'Mystery']",Manga
Ranpo Kitan: Game of Laplace,2015,6.58,Finished,11,"['Mystery', 'Suspense']",Original
Shadows House 2nd Season,2022,8.01,Finished,12,"['Fantasy', 'Mystery']",Manga
Makai Ouji: Devils and Realist,2013,7.01,Finished,12,"['Comedy', 'Fantasy', 'Mystery']",Manga
Witch Hunter Robin,2002,7.24,Finished,26,"['Action', 'Drama', 'Mystery', 'Supernatural']",Original
"Trickster: Edogawa Ranpo ""Shounen Tanteidan"" yori",2016,6.25,Finished,24,"['Drama', 'Mystery', 'Sci-Fi']",Source
Lupin III: Cagliostro no Shiro,1979,8.15,Finished,1,"['Action', 'Adventure', 'Award Winning', 'Comedy', 'Mystery']",Manga
Kara no Kyoukai Movie: Mirai Fukuin,2013,8,Finished,1,"['Drama', 'Mystery', 'Supernatural']",Light novel
Hakkenden: Touhou Hakken Ibun,2013,7.39,Finished,13,"['Action', 'Fantasy', 'Mystery']",Manga
Speed Grapher,2005,7.3,Finished,24,"['Action', 'Mystery', 'Supernatural']",Original
Noir,2001,7.29,Finished,26,"['Action', 'Drama', 'Mystery']",Original
Kamonohashi Ron no Kindan Suiri,2023,7.45,Finished,13,"['Comedy', 'Mystery']",Manga
Higurashi no Naku Koro ni Sotsu,2021,6.73,Finished,15,"['Horror', 'Mystery', 'Supernatural']",Visual novel
Bloodivores,2016,5.47,Finished,12,"['Action', 'Mystery', 'Supernatural']",Source
Kaijuu no Kodomo,2019,7.2,Finished,1,"['Award Winning', 'Drama', 'Mystery', 'Supernatural']",Manga
Phi Brain: Kami no Puzzle,2011,7.17,Finished,25,"['Action', 'Mystery', 'Suspense']",Original
Kakegurui Twin,2022,7.21,Finished,6,"['Drama', 'Mystery']",Manga
Cuticle Tantei Inaba,2013,7.24,Finished,12,"['Comedy', 'Fantasy', 'Mystery']",Manga
Mo Dao Zu Shi: Xian Yun Pian,2019,8.37,Finished,8,"['Action', 'Adventure', 'Drama', 'Fantasy', 'Mystery']",Web novel
Kubikiri Cycle: Aoiro Savant to Zaregotozukai,2016,7.76,Finished,8,"['Drama', 'Mystery', 'Supernatural']",Light novel
Seikimatsu Occult Gakuin,2010,7.04,Finished,13,"['Comedy', 'Mystery', 'Sci-Fi', 'Supernatural']",Original
Super Danganronpa 2.5: Komaeda Nagito to Sekai no Hakaimono,2017,7.13,Finished,1,"['Action', 'Horror', 'Mystery']",Visual novel
Shiguang Dailiren II,2023,8.5,Finished,12,"['Drama', 'Mystery', 'Supernatural', 'Suspense']",Original
Jigoku Shoujo Mitsuganae,2008,7.61,Finished,26,"['Horror', 'Mystery', 'Supernatural']",Original
Lupin III,1971,7.63,Finished,23,"['Action', 'Adventure', 'Comedy', 'Mystery']",Manga
Cike Wu Liuqi,2018,7.86,Finished,10,"['Action', 'Comedy', 'Drama', 'Mystery', 'Romance']",Source
Bishounen Tanteidan,2021,7.1,Finished,12,['Mystery'],Novel
Mushishi Zoku Shou: Odoro no Michi,2014,8.43,Finished,1,"['Adventure', 'Mystery', 'Slice of Life', 'Supernatural']",Manga
Koukaku Kidoutai: Stand Alone Complex - Solid State Society,2006,8.1,Finished,1,"['Award Winning', 'Mystery', 'Sci-Fi']",Manga
B: The Beginning Succession,2021,6.2,Finished,6,"['Action', 'Mystery', 'Supernatural', 'Suspense']",Original
Psycho-Pass 3: First Inspector,2020,7.79,Finished,3,"['Action', 'Mystery', 'Sci-Fi']",Original
The Big O,1999,7.53,Finished,26,"['Action', 'Mystery', 'Sci-Fi']",Original
Pet,2020,6.44,Finished,13,"['Mystery', 'Supernatural', 'Suspense']",Manga
Persona 4 the Golden Animation,2014,6.62,Finished,12,"['Adventure', 'Mystery', 'Sci-Fi', 'Supernatural']",Game
HaruChika: Haruta to Chika wa Seishun suru,2016,6.33,Finished,12,"['Mystery', 'Romance']",Novel
Concrete Revolutio: Choujin Gensou,2015,6.65,Finished,13,"['Action', 'Drama', 'Fantasy', 'Mystery', 'Sci-Fi']",Original
Penguin Highway,2018,7.55,Finished,1,"['Fantasy', 'Mystery', 'Sci-Fi']",Novel
Higurashi no Naku Koro ni Kira,2011,6.54,Finished,4,['Mystery'],Original
Koukyuu no Karasu,2022,7.53,Finished,13,"['Fantasy', 'Mystery']",Light novel
Kabukichou Sherlock,2019,6.89,Finished,24,"['Comedy', 'Drama', 'Mystery']",Original
Persona: Trinity Soul,2008,6.51,Finished,26,"['Action', 'Mystery', 'Sci-Fi', 'Supernatural']",Original
X,2001,7.39,Finished,24,"['Action', 'Drama', 'Fantasy', 'Mystery']",Manga
City Hunter,1987,7.91,Finished,51,"['Action', 'Comedy', 'Mystery']",Manga
Tasogare Otome x Amnesia: Taima Otome,2012,7.49,Finished,1,"['Horror', 'Mystery', 'Romance', 'Supernatural']",Manga
Mo Dao Zu Shi: Wanjie Pian,2021,8.46,Finished,12,"['Action', 'Adventure', 'Drama', 'Fantasy', 'Mystery']",Web novel
Higurashi no Naku Koro ni Special: Nekogoroshi-hen,2007,7.14,Finished,1,['Mystery'],Light novel
Meitantei Conan Movie 06: Baker Street no Bourei,2002,8.3,Finished,1,"['Adventure', 'Mystery']",Manga
Kai Byoui Ramune,2021,7.15,Finished,12,"['Mystery', 'Supernatural']",Manga
Ayakashi: Japanese Classic Horror,2006,7.38,Finished,11,"['Horror', 'Mystery', 'Supernatural']",Other
Revenger,2023,6.67,Finished,12,"['Action', 'Drama', 'Mystery']",Original
Ibara no Ou,2009,6.87,Finished,1,"['Action', 'Horror', 'Mystery', 'Sci-Fi']",Manga
Wu Liuqi: Zui Qiang Fa Xing Shi,2019,8.14,Finished,10,"['Action', 'Comedy', 'Drama', 'Mystery']",Original
Ookamikakushi,2010,6.3,Finished,12,"['Action', 'Horror', 'Mystery', 'Supernatural']",Visual novel
Juu Ou Sei,2006,7.2,Finished,11,"['Action', 'Adventure', 'Drama', 'Mystery', 'Sci-Fi']",Manga
Meitantei Conan Movie 01: Tokei Jikake no Matenrou,1997,7.86,Finished,1,"['Adventure', 'Comedy', 'Mystery']",Manga
Shiki Specials,2011,7.75,Finished,2,"['Horror', 'Mystery', 'Supernatural']",Manga
Lupin III (2015),2015,7.89,Finished,24,"['Action', 'Adventure', 'Comedy', 'Mystery']",Manga
xxxHOLiC Shunmuki,2009,8.03,Finished,2,"['Comedy', 'Drama', 'Mystery', 'Supernatural']",Manga
Higurashi no Naku Koro ni Kaku: Outbreak,2013,7.2,Finished,1,"['Horror', 'Mystery', 'Supernatural']",Visual novel
xxxHOLiC Rou,2010,8.19,Finished,2,"['Drama', 'Mystery', 'Supernatural']",Manga
Petshop of Horrors,1999,7.24,Finished,4,"['Horror', 'Mystery', 'Supernatural']",Manga
"""Bungaku Shoujo"" Movie",2010,7.33,Finished,1,"['Drama', 'Mystery', 'Romance']",Light novel
R.O.D: Read or Die,2001,7.62,Finished,3,"['Action', 'Adventure', 'Mystery', 'Sci-Fi']",Light novel
Kami no Tou 2nd Season,2024,0,Not yet aired,?,"['Action', 'Adventure', 'Drama', 'Fantasy', 'Mystery']",Web manga
Majin Tantei Nougami Neuro,2007,7.59,Finished,25,"['Comedy', 'Mystery', 'Supernatural']",Manga
Godzilla: S.P,2021,6.65,Finished,13,"['Action', 'Award Winning', 'Mystery', 'Sci-Fi']",Source
Shoumetsu Toshi,2019,5.49,Finished,12,"['Action', 'Adventure', 'Drama', 'Fantasy', 'Mystery']",Game
Housekishou Richard-shi no Nazo Kantei,2020,7.2,Finished,12,"['Drama', 'Mystery']",Novel
Durarara!!x2 Shou: Watashi no Kokoro wa Nabe Moyou,2015,7.66,Finished,1,"['Action', 'Mystery', 'Supernatural']",Light novel
Tokyo 24-ku,2022,6.35,Finished,12,"['Mystery', 'Sci-Fi']",Original
xxxHOLiC Movie: Manatsu no Yoru no Yume,2005,7.93,Finished,1,"['Comedy', 'Drama', 'Mystery', 'Supernatural']",Manga
Fuuto Tantei,2022,7.32,Finished,12,"['Action', 'Mystery', 'Supernatural']",Manga
Migi to Dali,2023,7.79,Finished,13,"['Comedy', 'Mystery', 'Suspense']",Source
Mayonaka no Occult Koumuin,2019,6.74,Finished,12,"['Fantasy', 'Mystery']",Manga
Meitantei Conan Movie 03: Seikimatsu no Majutsushi,1999,8.03,Finished,1,"['Adventure', 'Comedy', 'Mystery']",Manga
7 Seeds 2nd Season,2020,7.05,Finished,12,"['Adventure', 'Drama', 'Mystery', 'Romance', 'Sci-Fi']",Source
Kyoto Teramachi Sanjou no Holmes,2018,6.74,Finished,12,"['Drama', 'Mystery']",Novel
Meitantei Conan Movie 02: 14-banme no Target,1998,7.88,Finished,1,"['Adventure', 'Comedy', 'Mystery']",Manga
Hakkenden: Touhou Hakken Ibun 2nd Season,2013,7.61,Finished,13,"['Action', 'Fantasy', 'Mystery']",Manga
Meitantei Conan Movie 05: Tengoku e no Countdown,2001,8.12,Finished,1,"['Adventure', 'Comedy', 'Mystery']",Manga
Lord El-Melloi II Sei no Jikenbo: Rail Zeppelin Grace Note - Hakamori to Neko to Majutsushi,2018,7.11,Finished,1,"['Fantasy', 'Mystery', 'Supernatural']",Light novel
Mouryou no Hako,2008,7.16,Finished,13,"['Mystery', 'Supernatural', 'Suspense']",Novel
Meitantei Conan Movie 04: Hitomi no Naka no Ansatsusha,2000,8.03,Finished,1,"['Adventure', 'Comedy', 'Mystery']",Manga
Wu Liuqi: Xuanwu Guo Pian,2021,8.3,Finished,10,"['Action', 'Adventure', 'Comedy', 'Drama', 'Mystery']",Original
Rental Magica,2007,7,Finished,24,"['Action', 'Fantasy', 'Mystery']",Light novel
Gyo,2011,5.33,Finished,1,"['Drama', 'Horror', 'Mystery', 'Sci-Fi']",Manga
Koi to Producer: EVOL×LOVE,2020,6.18,Finished,12,"['Mystery', 'Romance', 'Sci-Fi']",Game
Jigoku Shoujo: Yoi no Togi,2017,6.6,Finished,6,"['Horror', 'Mystery', 'Supernatural']",Original
Le Chevalier D'Eon,2006,7.18,Finished,24,"['Mystery', 'Supernatural']",Original
Meitantei Conan Movie 13: Shikkoku no Chaser,2009,8.21,Finished,1,"['Action', 'Mystery']",Manga
Amatsuki,2008,6.87,Finished,13,"['Action', 'Fantasy', 'Mystery']",Manga
Hidan no Aria: Butei ga Kitarite Onsen Kenshuu,2011,6.75,Finished,1,"['Action', 'Comedy', 'Mystery', 'Romance']",Light novel
18if,2017,6.13,Finished,13,"['Mystery', 'Supernatural']",Mixed media
M3: Sono Kuroki Hagane,2014,6.57,Finished,24,"['Action', 'Drama', 'Mystery', 'Sci-Fi', 'Suspense']",Source
Meitantei Conan Movie 14: Tenkuu no Lost Ship,2010,8.11,Finished,1,"['Action', 'Mystery']",Manga
Kamikaze Kaitou Jeanne,1999,7.46,Finished,44,"['Action', 'Drama', 'Mystery', 'Romance', 'Supernatural']",Manga
Meitantei Conan Movie 08: Ginyoku no Magician,2004,8.06,Finished,1,"['Adventure', 'Comedy', 'Mystery']",Manga
Meitantei Conan Movie 10: Tantei-tachi no Requiem,2006,8.03,Finished,1,"['Adventure', 'Comedy', 'Mystery']",Manga
Yami no Matsuei,2000,7.02,Finished,13,"['Boys Love', 'Fantasy', 'Horror', 'Mystery']",Manga
Durarara!!x2 Ketsu: Dufufufu!!,2016,7.55,Finished,1,"['Action', 'Mystery', 'Supernatural']",Light novel
El Cazador de la Bruja,2007,7.22,Finished,26,"['Adventure', 'Drama', 'Mystery']",Original
Durarara!!x2 Ten: Onoroke Chakapoko,2016,7.52,Finished,1,"['Action', 'Mystery', 'Supernatural']",Light novel
Muhyo to Rouji no Mahouritsu Soudan Jimusho,2018,6.71,Finished,12,"['Mystery', 'Supernatural']",Manga
Spiral: Suiri no Kizuna,2002,7.22,Finished,25,"['Drama', 'Mystery']",Manga
Meitantei Conan Movie 07: Meikyuu no Crossroad,2003,7.8,Finished,1,"['Adventure', 'Comedy', 'Mystery']",Manga
Bakemonogatari Recap,2009,7.29,Finished,1,"['Mystery', 'Romance', 'Supernatural']",Light novel
Meitantei Conan Movie 09: Suihei Senjou no Strategy,2005,7.79,Finished,1,"['Adventure', 'Comedy', 'Mystery']",Manga
Yakusoku no Neverland: Michishirube,2021,4.72,Finished,1,"['Fantasy', 'Mystery', 'Sci-Fi', 'Suspense']",Manga
Kara no Kyoukai Movie: Mirai Fukuin - Extra Chorus,2013,7.45,Finished,1,"['Drama', 'Mystery', 'Supernatural']",Manga
Phi Brain: Kami no Puzzle - Orpheus Order-hen,2012,7.26,Finished,25,"['Action', 'Mystery', 'Suspense']",Original
Meitantei Conan Movie 15: Chinmoku no Quarter,2011,8.01,Finished,1,"['Adventure', 'Comedy', 'Mystery']",Manga
Keishichou Tokumubu Tokushu Kyouakuhan Taisakushitsu Dainanaka: Tokunana,2019,6.08,Finished,12,"['Action', 'Fantasy', 'Mystery']",Original
Kara no Kyoukai Remix: Gate of Seventh Heaven,2009,7.54,Finished,1,"['Action', 'Mystery', 'Romance', 'Suspense']",Light novel
Meitantei Conan Movie 12: Senritsu no Full Score,2008,7.78,Finished,1,"['Adventure', 'Comedy', 'Mystery']",Manga
Koukaku Kidoutai: Shin Movie,2015,7.43,Finished,1,"['Action', 'Award Winning', 'Mystery', 'Sci-Fi']",Manga
Vatican Kiseki Chousakan,2017,6.4,Finished,12,"['Drama', 'Mystery', 'Supernatural']",Novel
Sankaku Mado no Sotogawa wa Yoru,2021,6.74,Finished,12,"['Boys Love', 'Drama', 'Horror', 'Mystery', 'Supernatural']",Manga
"Sekai Saikou no Ansatsusha, Isekai Kizoku ni Tensei suru 2nd Season",0,0,Not yet aired,?,"['Action', 'Drama', 'Fantasy', 'Mystery', 'Romance']",Light novel
Ajin Part 1: Shoudou,2015,7.43,Finished,1,"['Action', 'Horror', 'Mystery', 'Supernatural']",Manga
Persona 4 the Animation: No One is Alone,2012,7.48,Finished,1,"['Adventure', 'Mystery', 'Sci-Fi', 'Supernatural']",Game
Tokkou,2006,6.53,Finished,13,"['Action', 'Horror', 'Mystery', 'Supernatural']",Source
Ajin OVA,2016,7.17,Finished,2,"['Action', 'Horror', 'Mystery', 'Supernatural']",Manga
Red Garden,2006,7.03,Finished,22,"['Drama', 'Mystery', 'Supernatural']",Original
Tantei Opera Milky Holmes,2010,6.92,Finished,12,"['Comedy', 'Mystery']",Original
Night Head 2041,2021,6.51,Finished,12,"['Drama', 'Mystery', 'Sci-Fi', 'Supernatural']",Other
Psycho-Pass Movie: Providence,2023,7.64,Finished,1,"['Action', 'Mystery', 'Sci-Fi', 'Suspense']",Original
Nazo no Kanojo X: Nazo no Natsu Matsuri,2012,7.28,Finished,1,"['Mystery', 'Romance', 'Ecchi']",Manga
Meitantei Conan Movie 11: Konpeki no Jolly Roger,2007,7.43,Finished,1,"['Adventure', 'Comedy', 'Mystery']",Manga
Hana to Alice: Satsujin Jiken,2015,7.25,Finished,1,"['Award Winning', 'Drama', 'Mystery']",Source
Lupin III: Part 5,2018,8.13,Finished,24,"['Action', 'Adventure', 'Comedy', 'Mystery']",Manga
Meitantei Conan Movie 16: 11-ninme no Striker,2012,7.7,Finished,1,"['Adventure', 'Comedy', 'Mystery', 'Sports']",Manga
Meitantei Conan Movie 18: Ijigen no Sniper,2014,8.06,Finished,1,"['Action', 'Mystery']",Manga
Princess Principal: Crown Handler Movie 1,2021,7.54,Finished,1,"['Action', 'Mystery']",Original
Odd Taxi Movie: In the Woods,2022,6.28,Finished,1,"['Drama', 'Mystery', 'Suspense']",Source
Madlax,2004,7.02,Finished,26,"['Drama', 'Mystery', 'Supernatural']",Original
Meitantei Conan Movie 20: Junkoku no Nightmare,2016,8.17,Finished,1,"['Action', 'Mystery']",Manga
Tactics,2004,7.19,Finished,25,"['Mystery', 'Supernatural']",Manga
"Gyakuten Saiban: Sono ""Shinjitsu"", Igi Ari! Season 2",2018,7.16,Finished,23,"['Comedy', 'Drama', 'Mystery']",Game
Yojouhan Time Machine Blues,2022,8.19,Finished,6,"['Comedy', 'Mystery', 'Romance', 'Suspense']",Novel
Koukaku Kidoutai: Stand Alone Complex - The Laughing Man,2005,8.07,Finished,1,"['Action', 'Mystery', 'Sci-Fi', 'Suspense']",Manga
Black Jack,1993,7.73,Finished,12,"['Drama', 'Mystery', 'Suspense']",Manga
Kuroshitsuji Recap,2009,7.19,Finished,1,"['Action', 'Comedy', 'Mystery', 'Supernatural']",Manga
Meitantei Conan Movie 19: Gouka no Himawari,2015,7.72,Finished,1,"['Action', 'Mystery']",Manga
Towa no Quon 2: Konton no Ranbu,2011,7.31,Finished,1,"['Action', 'Mystery', 'Sci-Fi', 'Supernatural']",Original
Spy Kyoushitsu 2nd Season,2023,7.16,Finished,12,"['Action', 'Fantasy', 'Mystery']",Light novel
Kyougoku Natsuhiko: Kousetsu Hyaku Monogatari,2003,7.08,Finished,13,"['Horror', 'Mystery', 'Supernatural']",Novel
Meitantei Conan Movie 17: Zekkai no Private Eye,2013,7.67,Finished,1,"['Adventure', 'Comedy', 'Mystery']",Manga
Matantei Loki Ragnarok,2003,7.25,Finished,26,"['Comedy', 'Mystery', 'Supernatural']",Manga
Shiguang Dailiren Fan Wai Pian: Biwu Zhaoqin,2021,7.57,Finished,1,"['Drama', 'Mystery', 'Supernatural', 'Suspense']",Original
X/1999,1996,6.57,Finished,1,"['Action', 'Drama', 'Fantasy', 'Mystery']",Manga
Yuukoku no Moriarty OVA,2022,7.77,Finished,2,"['Mystery', 'Suspense']",Manga
Tokyo Majin Gakuen Kenpucho: Tou Dai Ni Maku,2007,7.19,Finished,12,"['Action', 'Drama', 'Horror', 'Mystery']",Source
Un-Go: Inga-ron,2011,7.53,Finished,1,"['Mystery', 'Supernatural']",Novel
Kidou Keisatsu Patlabor 2 the Movie,1993,7.98,Finished,1,"['Award Winning', 'Drama', 'Mystery', 'Sci-Fi']",Original
Double Decker! Doug & Kirill,2018,6.81,Finished,13,"['Action', 'Comedy', 'Mystery', 'Sci-Fi']",Original
"Tantei wa Mou, Shindeiru. Season 2",0,0,Not yet aired,?,"['Comedy', 'Mystery', 'Romance']",Light novel
Phi Brain: Kami no Puzzle - Shukuteki! Rätsel-hen,2013,7.24,Finished,25,"['Action', 'Mystery', 'Suspense']",Original
Concrete Revolutio: Choujin Gensou - The Last Song,2016,6.98,Finished,11,"['Action', 'Drama', 'Fantasy', 'Mystery', 'Sci-Fi']",Original
Lupin III vs. Meitantei Conan,2009,7.76,Finished,1,"['Action', 'Adventure', 'Comedy', 'Mystery']",Manga
Boku dake ga Inai Machi Recaps,2016,7.25,Finished,2,['Mystery'],Manga
Vassalord.,2013,6.77,Finished,1,"['Action', 'Boys Love', 'Fantasy', 'Mystery']",Manga
Tantei Gakuen Q,2003,7.73,Finished,45,"['Comedy', 'Drama', 'Mystery']",Manga
Lupin III: Part II,1977,7.77,Finished,155,"['Action', 'Adventure', 'Comedy', 'Mystery']",Manga
Nijuu Mensou no Musume,2008,7.55,Finished,22,"['Action', 'Adventure', 'Mystery']",Source
Higashi no Eden: Air Communication,2009,7.56,Finished,1,"['Mystery', 'Romance', 'Sci-Fi', 'Suspense']",Original
Fantastic Children,2004,7.54,Finished,26,"['Adventure', 'Fantasy', 'Mystery', 'Romance', 'Sci-Fi', 'Suspense']",Original
.hack//Liminality,2002,6.58,Finished,4,['Mystery'],Original
Kagewani,2015,6.37,Finished,13,"['Horror', 'Mystery', 'Supernatural']",Original
Hero Mask,2018,6.29,Finished,15,"['Action', 'Mystery', 'Sci-Fi']",Original
Skull Man,2007,6.6,Finished,13,"['Action', 'Mystery', 'Supernatural']",Manga
Lupin III vs. Meitantei Conan: The Movie,2013,7.85,Finished,1,"['Action', 'Comedy', 'Mystery']",Manga
Lupin III: The First,2019,7.81,Finished,1,"['Action', 'Adventure', 'Comedy', 'Mystery']",Source
Shion no Ou,2007,7.51,Finished,22,"['Drama', 'Mystery', 'Suspense']",Manga
Tiger & Bunny Movie 2: The Rising,2014,7.7,Finished,1,"['Action', 'Comedy', 'Mystery', 'Sci-Fi']",Original
Meitantei Conan Movie 21: Karakurenai no Love Letter,2017,7.67,Finished,1,"['Action', 'Drama', 'Mystery', 'Romance']",Manga
Night Head Genesis,2006,6.73,Finished,24,"['Drama', 'Mystery', 'Sci-Fi', 'Supernatural']",Manga
Kindaichi Shounen no Jikenbo,1997,7.93,Finished,148,['Mystery'],Manga
Made in Abyss: Retsujitsu no Ougonkyou (Zoku-hen),0,0,Not yet aired,?,"['Adventure', 'Drama', 'Fantasy', 'Mystery', 'Sci-Fi']",Web manga
Meitantei Conan: Episode One - Chiisaku Natta Meitantei,2016,8.24,Finished,1,"['Adventure', 'Comedy', 'Mystery']",Manga
Meitantei Conan Movie 22: Zero no Shikkounin,2018,7.85,Finished,1,"['Action', 'Award Winning', 'Drama', 'Mystery']",Manga
Blue Seed,1994,7,Finished,26,"['Action', 'Adventure', 'Drama', 'Horror', 'Mystery', 'Romance', 'Supernatural']",Source
Yami to Boushi to Hon no Tabibito,2003,6.52,Finished,13,"['Adventure', 'Fantasy', 'Girls Love', 'Mystery', 'Ecchi']",Visual novel
Kuroshitsuji: Kishuku Gakkou-hen,2024,0,Not yet aired,?,"['Action', 'Fantasy', 'Mystery']",Manga
Ingress the Animation,2018,6.28,Finished,11,"['Action', 'Mystery', 'Sci-Fi']",Game
Meitantei Conan Movie 23: Konjou no Fist,2019,7.85,Finished,1,"['Action', 'Comedy', 'Drama', 'Mystery']",Manga
Layton Kyouju to Eien no Utahime,2009,7.63,Finished,1,"['Adventure', 'Mystery']",Source
Kamisama no Inai Nichiyoubi: Kioku,2014,6.86,Finished,1,"['Fantasy', 'Mystery']",Light novel
Bus Gamer,2008,6.48,Finished,3,"['Action', 'Drama', 'Mystery']",Manga
Great Pretender: Razbliuto,2024,7.04,Airing,?,"['Action', 'Adventure', 'Mystery']",Original
Master Keaton,1998,7.6,Finished,24,"['Adventure', 'Drama', 'Mystery']",Manga
Street Fighter II V,1995,7.06,Finished,29,"['Action', 'Adventure', 'Drama', 'Mystery']",Game
Takahashi Rumiko Gekijou Ningyo no Mori,2003,7.01,Finished,11,"['Drama', 'Fantasy', 'Horror', 'Mystery']",Manga
Ajin Part 2: Shoutotsu,2016,7.21,Finished,1,"['Action', 'Horror', 'Mystery', 'Supernatural']",Manga
Kitsutsuki Tanteidokoro,2020,6.12,Finished,12,['Mystery'],Novel
Switch,2008,6.86,Finished,2,"['Action', 'Mystery']",Manga
Stand My Heroes: Piece of Truth,2019,5.77,Finished,12,"['Mystery', 'Romance']",Game
City Hunter 2,1988,8.06,Finished,63,"['Action', 'Comedy', 'Mystery']",Manga
Arve Rezzle: Kikaijikake no Yousei-tachi,2013,6.21,Finished,1,"['Action', 'Drama', 'Mystery', 'Sci-Fi', 'Suspense']",Light novel
Ajin Part 3: Shougeki,2016,7.24,Finished,1,"['Action', 'Horror', 'Mystery', 'Supernatural']",Manga
Kagami no Kojou,2022,7.55,Finished,1,"['Drama', 'Fantasy', 'Mystery']",Novel
Lord El-Melloi II Sei no Jikenbo: Rail Zeppelin Grace Note Special,2021,7.51,Finished,1,"['Fantasy', 'Mystery', 'Supernatural']",Light novel
Owarimonogatari 2nd Season Recaps,2017,7.82,Finished,2,"['Comedy', 'Mystery', 'Supernatural']",Light novel
Muhyo to Rouji no Mahouritsu Soudan Jimusho 2nd Season,2020,6.9,Finished,12,"['Mystery', 'Supernatural']",Manga
Ginga Tetsudou no Yoru,1985,7.37,Finished,1,"['Award Winning', 'Drama', 'Fantasy', 'Mystery']",Novel
Tiger & Bunny Movie 1: The Beginning,2012,7.36,Finished,1,"['Action', 'Comedy', 'Mystery']",Original
City Hunter '91,1991,7.75,Finished,13,"['Action', 'Comedy', 'Mystery']",Manga
ChäoS;Child: Silent Sky,2017,6.52,Finished,1,"['Mystery', 'Sci-Fi', 'Supernatural']",Visual novel
Monogatari Series: Off & Monster Season,2024,0,Not yet aired,?,"['Comedy', 'Mystery', 'Supernatural']",Light novel
.hack//Intermezzo,2003,6.51,Finished,1,"['Adventure', 'Fantasy', 'Mystery', 'Sci-Fi']",Original
Cike Wu Liuqi Fanwai,2018,7.5,Finished,4,"['Action', 'Comedy', 'Drama', 'Mystery', 'Romance']",Original
ChäoS;Child Episode 0,2017,6.22,Finished,1,"['Mystery', 'Sci-Fi', 'Supernatural']",Visual novel
Mezzo DSA,2004,6.65,Finished,13,"['Action', 'Adventure', 'Comedy', 'Mystery', 'Sci-Fi']",Original
Tiger & Bunny 2,2022,7.43,Finished,13,"['Action', 'Comedy', 'Mystery', 'Sci-Fi']",Original
Lupin III: Part 6,2021,7.19,Finished,24,"['Action', 'Adventure', 'Comedy', 'Mystery']",Manga
Dantalian no Shoka: Ibarahime,2012,7.14,Finished,1,"['Action', 'Mystery']",Light novel
Cat's Eye,1983,7.2,Finished,73,"['Action', 'Adventure', 'Comedy', 'Mystery', 'Romance']",Manga
Megazone 23,1985,6.77,Finished,4,"['Action', 'Mystery', 'Romance', 'Sci-Fi']",Artmic
Meitantei Conan Movie 08: Ginyoku no Time Travel Recap,2004,7.81,Finished,1,"['Adventure', 'Mystery']",Manga
City Hunter 3,1989,7.8,Finished,13,"['Action', 'Comedy', 'Mystery']",Manga
Fake,1998,6.5,Finished,1,"['Boys Love', 'Comedy', 'Mystery']",Manga
Meitantei Conan OVA 09: 10-nengo no Stranger,2009,7.91,Finished,1,"['Adventure', 'Comedy', 'Mystery']",Manga
Mahoutsukai no Yoru,0,0,Not yet aired,1,"['Mystery', 'Supernatural']",Visual novel
Night Walker: Mayonaka no Tantei,1998,6.91,Finished,12,"['Action', 'Horror', 'Mystery', 'Supernatural']",Visual novel
Vampire Holmes,2015,3.29,Finished,12,"['Comedy', 'Mystery', 'Supernatural']",Game
Meitantei Conan Movie 24: Hiiro no Dangan,2021,7.75,Finished,1,"['Action', 'Comedy', 'Drama', 'Mystery']",Manga
Kikoushi Enma,2006,7.04,Finished,4,"['Horror', 'Mystery', 'Supernatural']",Manga
Mi Yu Xingzhe,2018,7.24,Finished,12,"['Mystery', 'Suspense']",Web manga
Zettai Shounen,2005,6.85,Finished,26,"['Drama', 'Fantasy', 'Mystery', 'Sci-Fi']",Original
Kamiarizuki no Kodomo,2021,6.48,Finished,1,['Mystery'],Original
Wu Liuqi: Anying Suming,2023,8.02,Finished,10,"['Action', 'Adventure', 'Comedy', 'Drama', 'Mystery']",Source
Takarajima,1978,7.94,Finished,26,"['Adventure', 'Drama', 'Mystery']",Novel
Vanitas no Karte: En Route Pour le Gévaudan,2022,6.9,Finished,1,"['Action', 'Fantasy', 'Mystery']",Manga
Meitantei Conan OVA 01: Conan vs. Kid vs. Yaiba - Houtou Soudatsu Daikessen!!,2000,7.23,Finished,1,"['Adventure', 'Comedy', 'Mystery']",Manga
Top Secret: The Revelation,2008,7.27,Finished,26,"['Mystery', 'Sci-Fi']",Manga
Tokyo Babylon,1992,6.68,Finished,2,"['Action', 'Drama', 'Fantasy', 'Mystery']",Manga
Nishi no Yoki Majo: Astraea Testament,2006,6.68,Finished,13,"['Comedy', 'Drama', 'Fantasy', 'Mystery', 'Romance']",Light novel
Yakushiji Ryouko no Kaiki Jikenbo,2008,7.04,Finished,13,"['Mystery', 'Supernatural']",Light novel
Persona 4 the Animation: The Factor of Hope,2012,7.26,Finished,1,"['Action', 'Adventure', 'Mystery', 'Supernatural']",Game
Kagewani: Shou,2016,6.41,Finished,13,"['Horror', 'Mystery', 'Supernatural']",Original
Sayonara Zetsubou Sensei Special,2012,7.46,Finished,1,"['Comedy', 'Mystery']",Manga
Tantei Opera Milky Holmes Dai 2 Maku,2012,7.2,Finished,12,"['Comedy', 'Mystery']",Source
Kindaichi Shounen no Jikenbo Returns,2014,7.53,Finished,25,['Mystery'],Manga
AD Police,1990,6.23,Finished,3,"['Action', 'Adventure', 'Horror', 'Mystery', 'Sci-Fi', 'Suspense']",Source
Meitantei Conan OVA 10: Kid in Trap Island,2010,7.75,Finished,1,"['Adventure', 'Comedy', 'Mystery']",Manga
.hack//The Movie: Sekai no Mukou ni,2012,7.04,Finished,1,"['Action', 'Adventure', 'Fantasy', 'Mystery', 'Sci-Fi']",Source
Angel Heart,2005,7.26,Finished,50,"['Action', 'Drama', 'Mystery', 'Romance']",Manga
Rozen Maiden: Meitantei Kunkun - Duell Walzer,2006,6.46,Finished,1,"['Comedy', 'Mystery']",Manga
Darwin's Game: Log Line,2020,6.58,Finished,1,"['Action', 'Mystery', 'Sci-Fi', 'Suspense']",Manga
Loups=Garous,2010,6.25,Finished,1,"['Mystery', 'Sci-Fi', 'Suspense']",Source
Meitantei Conan OVA 04: Conan to Kid to Crystal Mother,2004,7.49,Finished,1,"['Adventure', 'Mystery']",Manga
Mononoke Movie,2024,0,Not yet aired,1,"['Horror', 'Mystery', 'Supernatural']",Original
ACCA: 13-ku Kansatsu-ka - Regards,2020,7.15,Finished,1,"['Drama', 'Fantasy', 'Mystery']",Manga
Layton Mystery Tanteisha: Katri no Nazotoki File,2018,7.23,Finished,50,"['Comedy', 'Mystery']",Game
Nakanohito Genome [Jikkyouchuu]: Knots of Memories,2020,6.82,Finished,1,"['Adventure', 'Drama', 'Mystery']",Web manga
Meitantei Conan OVA 02: 16-nin no Yougisha,2002,7.32,Finished,1,"['Adventure', 'Comedy', 'Mystery']",Manga
Gosick: Utsukushiki Kaibutsu wa Konton no Sen wo Shimiru,2011,7.07,Finished,1,['Mystery'],Light novel
Kaidan Restaurant,2009,7.24,Finished,23,"['Horror', 'Mystery', 'Supernatural']",Picture book
Ajin Part 2 OVA,2017,7.02,Finished,1,"['Action', 'Horror', 'Mystery', 'Supernatural']",Manga
Meitantei Conan OVA 06: Kieta Daiya wo Oe! Conan & Heiji VS Kid!,2006,7.36,Finished,1,"['Comedy', 'Mystery']",Manga
Koukaku Kidoutai: Stand Alone Complex - Solid State Society 3D,2011,7.72,Finished,1,"['Mystery', 'Sci-Fi']",Manga
Gakkou no Kaidan: Kubinashi Rider!! Shi no Noroi,2001,6.99,Finished,1,"['Horror', 'Mystery', 'Supernatural']",Original
Princess Principal: Crown Handler Movie 2,2021,7.71,Finished,1,"['Action', 'Mystery']",Original
Meitantei Conan OVA 03: Conan to Heiji to Kieta Shounen,2003,7.18,Finished,1,"['Adventure', 'Comedy', 'Mystery']",Manga
Mokke,2007,7.06,Finished,24,"['Mystery', 'Slice of Life', 'Supernatural']",Source
Hikari to Mizu no Daphne,2004,6.78,Finished,24,"['Comedy', 'Drama', 'Mystery', 'Sci-Fi', 'Ecchi']",Original
Kizumonogatari: Koyomi Vamp,2024,7.3,Finished,1,"['Action', 'Mystery', 'Supernatural']",Light novel
Betterman,1999,6.57,Finished,26,"['Action', 'Adventure', 'Drama', 'Horror', 'Mystery', 'Sci-Fi']",Original
Gallery Fake,2005,7.4,Finished,37,['Mystery'],Tokyo Kids
Kaze no Youjinbou,2001,7.14,Finished,25,"['Action', 'Drama', 'Mystery']",Original
Meitantei Conan Movie 25: Halloween no Hanayome,2022,8.04,Finished,1,"['Action', 'Mystery']",Manga
Clamp Gakuen Tanteidan,1997,6.83,Finished,26,"['Action', 'Comedy', 'Mystery']",Manga
Kaitou Joker,2014,6.95,Finished,13,"['Adventure', 'Comedy', 'Mystery']",Manga
Technoroid: Overmind,2023,6.53,Finished,12,"['Mystery', 'Sci-Fi']",Mixed media
Tantei Team KZ Jiken Note,2015,6.19,Finished,16,['Mystery'],Novel
Meitantei Conan OVA 05: Hyouteki wa Kogoro! Shounen Tanteidan Maruchichousa,2005,7.23,Finished,1,"['Adventure', 'Comedy', 'Mystery']",Manga
Meitantei Conan OVA 07: Agasa-sensei no Chousenjou! Agasa vs Conan & Shounen Tanteidan,2007,7.25,Finished,1,"['Adventure', 'Comedy', 'Mystery']",Manga
Interlude,2004,6.37,Finished,3,"['Adventure', 'Horror', 'Mystery']",Visual novel
Shuangsheng Lingtan,2016,7.09,Finished,20,['Mystery'],Manga
Lupin III: Lupin vs. Fukusei-ningen,1978,7.02,Finished,1,"['Action', 'Adventure', 'Comedy', 'Mystery']",Manga
Aiyou de Mishi,2023,7.1,Finished,16,"['Mystery', 'Suspense']",Manga
Meitantei Conan: Zero no Tea Time,2022,6.91,Finished,6,"['Mystery', 'Slice of Life']",Manga
Sushi Police,2016,4.63,Finished,13,"['Comedy', 'Gourmet', 'Mystery']",Original
ef: A Tale of Memories. - Recollections,2008,7.27,Finished,1,"['Drama', 'Mystery', 'Romance']",Visual novel
Kamonohashi Ron no Kindan Suiri 2nd Season,0,0,Not yet aired,?,"['Comedy', 'Mystery']",Manga
X OVA,2001,6.77,Finished,1,"['Action', 'Drama', 'Fantasy', 'Mystery']",Manga
Bai Yao Pu,2020,7.1,Finished,12,"['Adventure', 'Fantasy', 'Mystery', 'Supernatural']",Novel
Meitantei Conan OVA 11: London kara no Maru Hi Shirei,2011,7.4,Finished,1,"['Adventure', 'Comedy', 'Mystery']",Manga
Re:cycle of the Penguindrum,2022,7.17,Finished,2,"['Avant Garde', 'Comedy', 'Drama', 'Mystery', 'Supernatural']",Source
Meitantei Conan Magic File 2: Kudou Shinichi Nazo no Kabe to Kuro Lab Jiken,2008,7.5,Finished,1,"['Adventure', 'Comedy', 'Mystery']",Manga
Persona 4 the Golden Animation: Thank you Mr. Accomplice,2014,6.5,Finished,1,"['Adventure', 'Drama', 'Mystery', 'Supernatural']",Game
Hero Mask 2nd Season,2019,6.5,Finished,9,"['Action', 'Mystery', 'Sci-Fi']",Original
Meitantei Conan OVA 08: Joshikousei Tantei Suzuki Sonoko no Jikenbo,2008,7.19,Finished,1,"['Comedy', 'Mystery']",Manga
Midnight Eye: Gokuu,1989,6.45,Finished,1,"['Action', 'Mystery', 'Sci-Fi']",Manga
Edogawa Conan Shissou Jiken: Shijou Saiaku no Futsukakan,2014,7.77,Finished,1,"['Adventure', 'Comedy', 'Mystery']",Manga
Yuugo: Koushounin,2004,7.06,Finished,13,"['Action', 'Drama', 'Mystery', 'Suspense']",Manga
Rokka no Yuusha Picture Drama,2015,6.41,Finished,3,"['Action', 'Adventure', 'Fantasy', 'Mystery']",Light novel
Meitantei Conan Magic File 3: Shinichi to Ran Mahjong Pai to Tanabata no Omoide,2009,7.41,Finished,1,['Mystery'],Manga
Meitantei Holmes,1984,7.37,Finished,26,"['Action', 'Adventure', 'Comedy', 'Mystery']",Source
Meitantei Conan: Hannin no Hanzawa-san,2022,6.84,Finished,12,"['Comedy', 'Mystery']",Manga
Karakuri Zoushi Ayatsuri Sakon,1999,7.36,Finished,26,"['Mystery', 'Suspense']",Manga
City Hunter Movie: Shinjuku Private Eyes,2019,7.46,Finished,1,"['Action', 'Comedy', 'Mystery']",Manga
11-nin Iru!,1986,7.02,Finished,1,"['Action', 'Adventure', 'Drama', 'Mystery', 'Romance', 'Sci-Fi']",Manga
Lupin III: Kutabare! Nostradamus,1995,7.33,Finished,1,"['Action', 'Adventure', 'Comedy', 'Mystery']",Manga
Burn Up Excess,1997,6.57,Finished,13,"['Action', 'Adventure', 'Comedy', 'Mystery', 'Sci-Fi', 'Ecchi']",Original
Meitantei Conan Magic File 4: Osaka Okonomiyaki Odyssey,2010,7.48,Finished,1,"['Comedy', 'Mystery']",Manga
Kindaichi Shounen no Jikenbo Returns 2nd Season,2015,7.66,Finished,22,['Mystery'],Manga
Lupin III: Dead or Alive,1996,7.12,Finished,1,"['Action', 'Adventure', 'Comedy', 'Mystery']",Manga
Lupin III: Fuuma Ichizoku no Inbou,1987,7.28,Finished,1,"['Action', 'Adventure', 'Comedy', 'Mystery']",Manga
Meitantei Conan OVA 12: Excalibur no Kiseki,2012,7.02,Finished,1,"['Comedy', 'Mystery', 'Sports']",Manga
Monster Extra: Hottan,2004,6.63,Finished,1,"['Drama', 'Mystery', 'Suspense']",Manga
Di Wang Gong Lue,2018,6.44,Finished,20,"['Adventure', 'Boys Love', 'Drama', 'Mystery']",Novel
"Lupin III: Episode 0 ""First Contact""",2002,7.55,Finished,1,"['Action', 'Adventure', 'Comedy', 'Mystery']",Manga
Kaii to Otome to Kamikakushi,2024,0,Not yet aired,?,"['Mystery', 'Supernatural']",Web manga
Futari wa Milky Holmes,2013,5.78,Finished,12,"['Comedy', 'Mystery']",Source
Darkside Blues,1994,6.01,Finished,1,"['Horror', 'Mystery', 'Sci-Fi']",Manga
Meitantei Conan Movie 26: Kurogane no Submarine,2023,8.33,Finished,1,"['Action', 'Mystery']",Manga
Princess Principal: Crown Handler Movie 3,2023,7.62,Finished,1,"['Action', 'Mystery']",Original
Norageki!,2011,6.09,Finished,1,"['Mystery', 'Sci-Fi']",Original
I: Wish You Were Here,2001,5.98,Finished,4,"['Action', 'Drama', 'Mystery', 'Sci-Fi']",Original
Koukaku Kidoutai: SAC_2045 Season 2,2022,6.85,Finished,12,"['Action', 'Mystery', 'Sci-Fi']",Source
Collar x Malice Movie: Deep Cover,2023,5.93,Finished,2,"['Mystery', 'Romance', 'Suspense']",Visual novel
Meitantei Conan Movie 10: Tantei-tachi no Requiem Recap,2006,7.64,Finished,1,"['Adventure', 'Comedy', 'Mystery']",Manga
Kujira no Kora wa Sajou ni Manabu!,2018,6.62,Finished,2,"['Comedy', 'Drama', 'Fantasy', 'Mystery']",Manga
Master Keaton OVA,1999,7.72,Finished,15,"['Adventure', 'Drama', 'Mystery']",Manga
Suteki Tantei Labyrinth,2007,6.65,Finished,25,"['Mystery', 'Sci-Fi']",Manga
Meitantei Conan Magic File 5: Niigata - Tokyo Omiyage Capriccio,2011,7.31,Finished,1,"['Adventure', 'Comedy', 'Mystery']",Manga
Burn Up Scramble,2004,6.14,Finished,12,"['Action', 'Comedy', 'Drama', 'Mystery', 'Sci-Fi', 'Ecchi']",Original
Jikuu Tantei Genshi-kun,1998,6.43,Finished,39,"['Adventure', 'Comedy', 'Fantasy', 'Mystery', 'Sci-Fi']",Manga
Meitantei Conan Movie 09: Suihei Senjou no Strategy Recap,2005,7.6,Finished,1,"['Adventure', 'Comedy', 'Mystery']",Manga
Jie Mo Ren,2016,6.01,Finished,14,"['Action', 'Fantasy', 'Mystery', 'Supernatural']",Web manga
Meitantei Conan Bonus File: Fantasista no Hana,2012,7.35,Finished,1,"['Comedy', 'Mystery', 'Sports']",Manga
Mayonaka no Occult Koumuin OVA,2019,7.13,Finished,2,"['Fantasy', 'Mystery']",Manga
Human Bug Daigaku,2022,6.7,Finished,12,"['Comedy', 'Mystery']",Web manga
Tiger & Bunny 2 Part 2,2022,7.51,Finished,12,"['Action', 'Comedy', 'Mystery']",Original
Tantei Kageki Milky Holmes TD,2015,6.44,Finished,12,"['Comedy', 'Mystery']",Source
Lupin III: Babylon no Ougon Densetsu,1985,6.46,Finished,1,"['Action', 'Adventure', 'Comedy', 'Mystery']",Manga
Fw:Hamatora,2015,6.97,Finished,1,"['Comedy', 'Mystery']",Mixed media
Lupin III: Green vs. Red,2008,6.63,Finished,1,"['Action', 'Adventure', 'Comedy', 'Mystery']",Manga
Digital Devil Story: Megami Tensei,1987,5.13,Finished,1,"['Adventure', 'Drama', 'Fantasy', 'Horror', 'Mystery', 'Supernatural']",Light novel
Dream Hunter Rem,1985,6.31,Finished,4,"['Action', 'Fantasy', 'Mystery', 'Ecchi']",Original
Lupin III: Moeyo Zantetsuken!,1994,7.01,Finished,1,"['Action', 'Adventure', 'Comedy', 'Mystery']",Manga
City Hunter: Ai to Shukumei no Magnum,1989,7.37,Finished,1,"['Action', 'Comedy', 'Mystery']",Manga
Lupin III: Walther P38,1997,7.33,Finished,1,"['Action', 'Adventure', 'Comedy', 'Mystery']",Manga
Lupin III: Bye Bye Liberty - Kiki Ippatsu!,1989,6.8,Finished,1,"['Action', 'Adventure', 'Comedy', 'Mystery']",Manga
City Hunter: The Secret Service,1996,7.41,Finished,1,"['Action', 'Comedy', 'Mystery']",Manga
Meitantei Conan: Conan vs. Kid - Shark & Jewel,2005,7.59,Finished,1,"['Adventure', 'Comedy', 'Mystery']",Manga
Biohazard 4: Incubate,2006,6.08,Finished,1,"['Action', 'Horror', 'Mystery', 'Supernatural', 'Suspense']",Game
City Hunter: Bay City Wars,1990,7.33,Finished,1,"['Action', 'Comedy', 'Mystery']",Manga
Meitantei Conan: Kuro no Soshiki to Taiketsu no Rekishi,2007,7.56,Finished,1,"['Adventure', 'Comedy', 'Mystery']",Manga
Ningyo no Kizu,1993,6.73,Finished,1,"['Drama', 'Fantasy', 'Horror', 'Mystery']",Manga
Canaan: Minorikawa Report 201X Shanghai,2010,6.47,Finished,1,"['Action', 'Mystery', 'Sci-Fi', 'Supernatural']",Visual novel
Lupin III: Honoo no Kioku - Tokyo Crisis,1998,7.25,Finished,1,"['Action', 'Adventure', 'Comedy', 'Mystery']",Manga
Fushigi no Umi no Nadia: Original Movie,1991,5.28,Finished,1,"['Action', 'Adventure', 'Drama', 'Mystery', 'Romance', 'Sci-Fi']",Source
Lupin III: Lupin Ansatsu Shirei,1993,6.93,Finished,1,"['Action', 'Adventure', 'Comedy', 'Mystery']",Manga
Red Garden: Dead Girls,2007,6.31,Finished,1,['Mystery'],Original
Wild Adapter,2014,6.18,Finished,2,"['Action', 'Drama', 'Mystery']",Manga
Twilight Q,1987,6.31,Finished,2,"['Mystery', 'Sci-Fi']",Source
Hamatora The Animation: Saishuukai Chokuzen! Mao ga Okuru,2014,6.72,Finished,1,"['Comedy', 'Mystery']",Mixed media
Vanitas no Karte: Le Chemin Parcouru Depuis la Rencontre,2021,6.95,Finished,1,"['Action', 'Fantasy', 'Mystery']",Manga
Guimi Zhi Zhu,2025,0,Not yet aired,?,"['Action', 'Mystery', 'Supernatural', 'Suspense']",Web novel
City Hunter: Hyakuman Dollar no Inbou,1990,7.32,Finished,1,"['Action', 'Comedy', 'Mystery']",Manga
Agatha Christie no Meitantei Poirot to Marple,2004,6.85,Finished,39,['Mystery'],Novel
Cinderella Boy,2003,6.29,Finished,13,"['Action', 'Adventure', 'Comedy', 'Mystery']",Manga
Ningyo no Mori,1991,6.69,Finished,1,"['Drama', 'Fantasy', 'Horror', 'Mystery']",Manga
Ao Oni The Animation (Movie),2017,4.05,Finished,1,"['Horror', 'Mystery']",Game
Kara no Shoujo,2010,5.64,Finished,2,"['Mystery', 'Hentai']",Visual novel
Lupin III: Harimao no Zaihou wo Oe!!,1995,6.9,Finished,1,"['Action', 'Adventure', 'Comedy', 'Mystery']",Manga
Lupin III: Ai no Da Capo - Fujiko's Unlucky Days,1999,6.76,Finished,1,"['Action', 'Adventure', 'Comedy', 'Mystery']",Manga
Lupin III: $1 Money Wars,2000,7.11,Finished,1,"['Action', 'Adventure', 'Comedy', 'Mystery']",Manga
Tantei Opera Milky Holmes: Summer Special,2011,6.92,Finished,1,"['Comedy', 'Mystery']",Source
Meitantei Conan: Toubousha Mouri Kogorou,2014,6.93,Finished,1,"['Comedy', 'Mystery']",Manga
Double Decker! Doug & Kirill: Extra,2019,7.13,Finished,3,"['Action', 'Comedy', 'Mystery', 'Sci-Fi']",Original
Mouryou no Hako: Chuuzenji Atsuko no Jikenbo - Hako no Yurei no Koto,2009,6.58,Finished,1,"['Mystery', 'Supernatural', 'Suspense']",Novel
Lupin III: Otakara Henkyaku Daisakusen!!,2003,7.31,Finished,1,"['Action', 'Adventure', 'Comedy', 'Mystery']",Manga
"Trickster: Edogawa Ranpo ""Shounen Tanteidan"" yori OVA",2016,6.23,Finished,2,['Mystery'],Source
Lupin III: Hemingway Paper no Nazo,1990,6.88,Finished,1,"['Action', 'Adventure', 'Comedy', 'Mystery']",Manga
Lupin III: Russia yori Ai wo Komete,1992,6.66,Finished,1,"['Action', 'Adventure', 'Comedy', 'Mystery']",Manga
Blue Seed 2,1996,6.4,Finished,3,"['Action', 'Adventure', 'Drama', 'Horror', 'Mystery', 'Supernatural']",Source
Lupin III: Tenshi no Tactics - Yume no Kakera wa Koroshi no Kaori,2005,6.97,Finished,1,"['Action', 'Adventure', 'Comedy', 'Mystery']",Manga
Lupin III: Napoleon no Jisho wo Ubae,1991,6.6,Finished,1,"['Action', 'Adventure', 'Comedy', 'Mystery']",Manga
Meitantei Conan: Hiiro no Fuzai Shoumei,2021,7.37,Finished,1,"['Action', 'Comedy', 'Drama', 'Mystery']",Manga
Amrita no Kyouen,2023,5.42,Finished,1,"['Fantasy', 'Horror', 'Mystery']",Original
Princess Principal: Ange Report,2017,6.47,Finished,1,"['Action', 'Mystery']",Source
Sore dake ga Neck,2020,5.67,Finished,12,['Mystery'],Original
Lupin III: Goodbye Partner,2019,6.8,Finished,1,"['Action', 'Adventure', 'Comedy', 'Mystery']",Manga
Kabukichou Sherlock OVA,2020,6.71,Finished,6,"['Comedy', 'Drama', 'Mystery']",Original
Kaitou Joker 2nd Season,2015,7.25,Finished,13,"['Adventure', 'Comedy', 'Mystery']",Manga
Midnight Eye: Gokuu II,1989,6.21,Finished,1,"['Action', 'Mystery', 'Sci-Fi']",Manga
Lupin III: Nusumareta Lupin,2004,7,Finished,1,"['Action', 'Adventure', 'Comedy', 'Mystery']",Manga
Lupin III: Kiri no Elusive,2007,6.77,Finished,1,"['Action', 'Adventure', 'Comedy', 'Mystery']",Manga
Aoyama Goushou Tanpenshuu,1999,7.28,Finished,7,"['Adventure', 'Comedy', 'Mystery']",Manga
Mayonaka no Occult Koumuin: Fukurokouji to Ano Ko to Ore to,2019,6.79,Finished,1,"['Fantasy', 'Mystery']",Manga
Duan Nao,2014,6.35,Finished,16,"['Mystery', 'Sci-Fi', 'Suspense']",Web manga
Deimos no Hanayome: Ran no Kumikyoku,1988,5.65,Finished,1,"['Drama', 'Fantasy', 'Horror', 'Mystery', 'Supernatural']",Manga
Princess Principal: Crown Handler Movie 1 - Busy Easy Money,2021,6.85,Finished,1,"['Comedy', 'Mystery']",Original
Lupin III: Ikiteita Majutsushi,2002,5.84,Finished,1,"['Action', 'Adventure', 'Comedy', 'Mystery']",Manga
Digimon Survive: Prologue Movie,2019,6.45,Finished,1,"['Fantasy', 'Mystery']",Game
Lupin III: Part 6 - Jidai,2021,7.32,Finished,1,"['Action', 'Adventure', 'Comedy', 'Mystery']",Manga
Tantei Opera Milky Holmes: Alternative,2012,6.48,Finished,2,"['Comedy', 'Mystery']",Source
Meitantei Conan vs. Wooo,2011,6.1,Finished,2,"['Adventure', 'Comedy', 'Mystery']",Manga
Aragne no Mushikago,2018,5.03,Finished,1,"['Fantasy', 'Horror', 'Mystery']",Original
Da Li Si Rizhi,2020,6.8,Finished,12,"['Action', 'Comedy', 'Mystery']",Web manga
Cop Craft: Utsukushiki Onna Kishi! Toraware no Yousei wo Oe!,2019,5.84,Finished,1,"['Action', 'Fantasy', 'Mystery', 'Sci-Fi']",Light novel
Lupin III: Pilot Film (1978),1978,6.3,Finished,1,"['Action', 'Adventure', 'Comedy', 'Mystery']",Manga
Shin Taketori Monogatari: 1000-nen Joou,1981,7.15,Finished,42,"['Drama', 'Mystery', 'Sci-Fi']",Manga
Warau Hyouteki,1987,6.12,Finished,1,"['Horror', 'Mystery']",Manga
Hentatsu (TV),2020,5.09,Finished,12,"['Adventure', 'Mystery']",Original
Lupin III: Sweet Lost Night - Mahou no Lamp wa Akumu no Yokan,2008,6.96,Finished,1,"['Action', 'Adventure', 'Comedy', 'Mystery']",Manga
Mo Du Zhe,0,0,Not yet aired,?,"['Drama', 'Mystery']",Novel
Saishuu Shiken Kujira,2007,4.96,Finished,12,"['Comedy', 'Mystery', 'Supernatural', 'Ecchi']",Visual novel
Ribbon no Kishi,1967,6.74,Finished,52,"['Action', 'Fantasy', 'Mystery', 'Romance']",Manga
Taiho Shichau zo in America,2002,6.47,Finished,1,"['Action', 'Comedy', 'Mystery']",Manga
Gyakuten Saiban 6 Prologue,2016,6.51,Finished,1,['Mystery'],Game
Lupin III: Touhou Kenbunroku - Another Page,2012,6.78,Finished,1,"['Action', 'Adventure', 'Comedy', 'Mystery']",Manga
Kyokugen Dasshutsu Adv: Zennin Shibou desu Prologue,2011,6.03,Finished,1,['Mystery'],Visual novel
Meitantei Conan: Conan vs. Kid - Shikkoku no Sniper,2006,7.2,Finished,1,"['Adventure', 'Comedy', 'Mystery']",Manga
Kaitou Joker 3rd Season,2016,7.19,Finished,13,"['Adventure', 'Comedy', 'Mystery']",Manga
L/R: Licensed by Royal,2003,6.39,Finished,12,"['Action', 'Adventure', 'Mystery']",Original
Kaiketsu Jouki Tanteidan,1998,6.64,Finished,26,"['Action', 'Mystery']",Manga
Lupin III: Prison of the Past,2019,6.89,Finished,1,"['Action', 'Adventure', 'Comedy', 'Mystery']",Manga
Vatican Kiseki Chousakan: Majo no Soup,2018,6.44,Finished,1,"['Drama', 'Mystery', 'Supernatural']",Novel
Daomu Biji Zhi Qinling Shen Shu,2021,6.65,Finished,12,"['Adventure', 'Mystery', 'Supernatural']",Novel
Kingdom Hearts χ Back Cover,2017,6.81,Finished,1,"['Action', 'Fantasy', 'Mystery']",Game
Mini Hama: Minimum Hamatora,2015,6.2,Finished,8,"['Comedy', 'Mystery']",Mixed media
City Hunter Movie: Tenshi no Namida,2023,6.76,Finished,1,"['Action', 'Mystery']",Source
Appleseed XIII Remix Movie 2: Yogen,2011,6.26,Finished,1,"['Action', 'Mystery', 'Sci-Fi']",Source
Li Shi Zhentan Shiwusuo: A Day in Lungmen,2022,6.51,Finished,6,"['Comedy', 'Mystery']",Game
Appleseed XIII Remix Movie 1: Yuigon,2011,6.22,Finished,1,"['Action', 'Mystery', 'Sci-Fi']",Source
Tantei Opera Milky Holmes Movie: Gyakushuu no Milky Holmes,2016,7.15,Finished,1,"['Comedy', 'Mystery']",Original
Kaitou Joker 4th Season,2016,7.33,Finished,13,"['Adventure', 'Comedy', 'Mystery']",Manga
Gregory Horror Show,1999,6.59,Finished,25,"['Comedy', 'Horror', 'Mystery', 'Supernatural']",Original
Meitantei Conan: Kinga Shinnen Mouri Kogorou,2015,6.99,Finished,1,"['Action', 'Comedy', 'Mystery']",
RahXephon Specials,2003,6.37,Finished,2,"['Action', 'Drama', 'Mystery', 'Romance', 'Sci-Fi']",Original
Beyblade Burst Dynamite Battle,2021,6.23,Finished,52,"['Action', 'Adventure', 'Comedy', 'Mystery', 'Sports']",Manga
X Densha de Ikou,1987,5.75,Finished,1,"['Avant Garde', 'Mystery', 'Supernatural']",Novel
Bai Yao Pu 2nd Season,2021,7.25,Finished,12,"['Adventure', 'Fantasy', 'Mystery', 'Supernatural']",Novel
Kyoukaisen,2021,7.07,Finished,1,['Mystery'],Original
Meitantei Conan Movie 27: 100-man Dollar no Michishirube,2024,0,Not yet aired,1,['Mystery'],Manga
Babel Nisei (2001),2001,5.68,Finished,13,"['Action', 'Adventure', 'Mystery', 'Sci-Fi', 'Supernatural']",Manga
Akatsuki no Chinkonka,2018,6.36,Finished,1,"['Fantasy', 'Mystery']",Original
Shen Qi Huan Qi Tan,2017,5.6,Finished,24,"['Action', 'Adventure', 'Fantasy', 'Mystery', 'Supernatural']",Manga
Lupin III vs. Cat's Eye,2023,6.54,Finished,1,"['Action', 'Adventure', 'Comedy', 'Mystery']",Original
Li Shi,2020,6,Finished,16,"['Action', 'Mystery', 'Supernatural']",Novel
Kindaichi Shounen no Jikenbo Movie 1: Operazakan - Aratanaru Satsujin,1996,7.06,Finished,1,['Mystery'],Light novel
Hello Harinezumi: Satsui no Ryoubun,1992,6.38,Finished,1,"['Drama', 'Mystery']",Manga
Meitantei Conan: Haibara Ai Monogatari - Kurogane no Mystery Train,2023,7.25,Finished,1,['Mystery'],Manga
Tiger & Bunny: Too Many Cooks Spoil the Broth.,2015,6.18,Finished,1,"['Action', 'Comedy', 'Mystery']",Original
Galerians: Rion,2002,5.32,Finished,3,"['Adventure', 'Drama', 'Horror', 'Mystery', 'Sci-Fi', 'Supernatural', 'Suspense']",Game
Ojousama Sousamou,1996,4.85,Finished,1,"['Action', 'Comedy', 'Mystery']",Original
Princess Principal: Crown Handler Movie 2 - Revealing Reviews,2022,6.65,Finished,1,['Mystery'],Original
Kyoshin to Hyouka no Shiro,2020,5.63,Finished,4,"['Drama', 'Mystery', 'Supernatural']",Original
Your Forma,0,0,Not yet aired,?,"['Mystery', 'Sci-Fi']",Light novel
Luv Wave,2000,5.88,Finished,3,"['Action', 'Drama', 'Horror', 'Mystery', 'Sci-Fi', 'Hentai']",Visual novel
Sin in the Rain,2006,4.7,Finished,1,['Mystery'],
Mushishi Recap,2006,6.69,Finished,1,"['Mystery', 'Supernatural']",Manga
Souryuuden,1991,6.46,Finished,12,"['Drama', 'Mystery', 'Supernatural']",Novel
Karakuri Circus: Makuai - Soshite Mata Kaimaku Bell,2019,6.21,Finished,1,"['Adventure', 'Mystery']",Manga
Ankoku Shinwa,1990,4.17,Finished,2,"['Fantasy', 'Horror', 'Mystery', 'Supernatural']",Manga
20-pun de Oitsukeru: Shingeki no Kyojin,2021,6.25,Finished,1,"['Action', 'Drama', 'Fantasy', 'Mystery']",Source
Saint Luminous Jogakuin,1998,5.9,Finished,13,"['Mystery', 'Supernatural']",Original
Memory,1964,6,Finished,1,"['Avant Garde', 'Comedy', 'Drama', 'Mystery']",Original
Gosenzo San'e,1998,6.07,Finished,4,"['Comedy', 'Mystery', 'Supernatural', 'Hentai']",Original
15-fun de Oitsukeru: Shingeki no Kyojin,2020,6.35,Finished,1,"['Action', 'Drama', 'Fantasy', 'Mystery']",Manga
City Hunter: Ryou no Propose,2016,6.73,Finished,1,"['Action', 'Comedy', 'Mystery']",Manga
Meitantei Conan: Nazo no Suisei Kaijuu wo Oe!,2001,6.43,Finished,1,['Mystery'],Manga
10-pun de Oitsukeru: Shingeki no Kyojin,2018,6.34,Finished,1,"['Action', 'Drama', 'Fantasy', 'Mystery']",Manga
Tokyo 24-ku: Reversal Film,2022,5.76,Finished,1,"['Mystery', 'Sci-Fi']",Original
Mini Hama: Minimum Hamatora Movies,2015,5.99,Finished,2,"['Comedy', 'Mystery']",Mixed media
Princess Principal: Crown Handler Movie 4,0,0,Not yet aired,1,"['Action', 'Mystery']",Original
Mi Bao Zhi Guo,2021,5.57,Finished,10,"['Fantasy', 'Mystery', 'Sci-Fi']",Original
Wild 7,1994,6.23,Finished,2,"['Action', 'Drama', 'Mystery']",Manga
Bai Yao Pu 3rd Season,2022,7.45,Finished,12,"['Adventure', 'Fantasy', 'Mystery', 'Supernatural']",Novel
Kindaichi Shounen no Jikenbo Specials,2007,7.18,Finished,2,['Mystery'],Manga
Koukaku Kidoutai: Ghost Chaser,2018,6.24,Finished,1,"['Action', 'Mystery', 'Sci-Fi']",Manga
Coo: Tooi Umi kara Kita Coo,1993,6.61,Finished,1,"['Adventure', 'Drama', 'Mystery', 'Slice of Life']",Novel
Meitantei Conan: Internet Nazo no Mail Jiken,2000,6.36,Finished,1,['Mystery'],Manga
Yoroshiku Mechadock,1984,6.8,Finished,30,"['Action', 'Comedy', 'Mystery']",Manga
Blue Seed 1.5,1996,6.35,Finished,2,"['Action', 'Adventure', 'Drama', 'Horror', 'Mystery', 'Romance', 'Supernatural']",Manga
Chou Shounen Tanteidan Neo,2017,5.18,Finished,13,['Mystery'],Novel
Kindan no Mokushiroku: Crystal Triangle,1987,4.55,Finished,1,"['Adventure', 'Mystery']",Original
Shaonian Ge Xing,2018,6.86,Finished,26,"['Action', 'Adventure', 'Mystery']",Novel
Mozu no Nie,2003,5.24,Finished,1,"['Mystery', 'Hentai']",Visual novel
Dennou Coil Recaps,2007,6.18,Finished,2,"['Adventure', 'Comedy', 'Drama', 'Mystery', 'Sci-Fi']",Original
Meitantei Conan: Amuro Secret Call,2018,6.35,Finished,1,"['Comedy', 'Mystery']",Manga
Alexander Senki Movie,2000,5.76,Finished,1,"['Action', 'Adventure', 'Avant Garde', 'Mystery', 'Supernatural']",Novel
Xue Se Cang Qiong,2017,5.98,Finished,26,"['Action', 'Adventure', 'Fantasy', 'Horror', 'Mystery', 'Suspense']",Web manga
Monster Special Edition,2005,6.41,Finished,2,"['Drama', 'Mystery', 'Suspense']",Manga
Tokyo Vice,1988,5.24,Finished,1,"['Action', 'Mystery', 'Sci-Fi']",Original
Oshie to Tabi Suru Otoko,2018,0,Finished,1,['Mystery'],Novel
Tantei Opera Milky Holmes: Fun Fun Party Night♪ - Ken to Janet no Okurimono,2016,6.64,Finished,1,"['Comedy', 'Mystery']",Original
Tantei Opera Milky Holmes: Arsene Karei naru Yokubou,2017,6.71,Finished,1,"['Comedy', 'Mystery']",Original
Meitantei Conan vs. Kaitou Kid,2024,0,Finished,1,"['Adventure', 'Comedy', 'Mystery']",Manga
Stand My Heroes: Warmth of Memories,2023,6.1,Finished,1,"['Mystery', 'Romance']",Game
Yami no Purple Eye,1987,4.56,Finished,1,"['Horror', 'Mystery', 'Supernatural']",Manga
Bakumatsu Rock: Mystery! Onsen Kaijiken ze yo!!,2014,5.99,Finished,1,['Mystery'],Game
Kochira Katsushikaku Kameari Kouenmae Hashutsujo The Movie,1999,7.07,Finished,1,"['Action', 'Comedy', 'Mystery']",Manga
Tenchi Muyou! GXP: Paradise Shidou-hen,2023,6.13,Finished,6,"['Action', 'Comedy', 'Mystery', 'Sci-Fi']",Source
Keishichou Tokumubu Tokushu Kyouakuhan Taisakushitsu Dainanaka: Tokunana Recap,2019,5.56,Finished,1,"['Action', 'Fantasy', 'Mystery']",Original
Meitantei Conan: Pyramid kara no Chousenjou!,2001,6.1,Finished,1,['Mystery'],Manga
Mokke Specials,2008,6.8,Finished,2,"['Mystery', 'Slice of Life', 'Supernatural']",Manga
Attraction,2010,5.91,Finished,1,['Mystery'],Original
Kindaichi Shounen no Jikenbo Movie 2: Satsuriku no Deep Blue,1999,6.94,Finished,1,['Mystery'],Light novel
Gakkou no Kaidan Recaps,2000,6.1,Finished,2,"['Horror', 'Mystery', 'Supernatural']",Original
Urban Square: Kohaku no Tsuigeki,1986,6.02,Finished,1,"['Action', 'Mystery']",Original
Murder,1964,5.11,Finished,1,"['Award Winning', 'Mystery']",
Kindaichi Shounen no Jikenbo: Kuromajutsu Satsujin Jiken-hen,2012,6.97,Finished,2,['Mystery'],Manga
Meitantei Conan: Machi Tanken! Doubutsu Mark wo Get Seyo!,2003,5.96,Finished,1,['Mystery'],Manga
Ginga Tetsudou no Yoru: Fantasy Railroad in the Stars,2006,6.16,Finished,1,"['Drama', 'Fantasy', 'Mystery']",Novel
Si Ling Bianma: Shijie Caozong Zhe,2013,5.23,Finished,12,"['Fantasy', 'Horror', 'Mystery']",Original
Kindaichi Shounen no Jikenbo Returns 2nd Season: Akechi Keibu no Jikenbo,2015,7.08,Finished,1,['Mystery'],Manga
Montana Jones,1994,6.81,Finished,52,"['Adventure', 'Comedy', 'Mystery']",Original
Inou no AICis: ESP & High School Detective,2021,5.88,Finished,15,"['Mystery', 'Supernatural']",Original
Gregory Horror Show: The Second Guest,2000,6.6,Finished,25,"['Comedy', 'Horror', 'Mystery', 'Supernatural']",Original
Tantei Opera Milky Holmes: Psycho no Aisatsu,2018,6.71,Finished,1,"['Comedy', 'Mystery']",Original
Tiger & Bunny Recaps,2012,6.05,Finished,2,"['Action', 'Comedy', 'Mystery', 'Sci-Fi']",
Loups=Garous #Overture,2010,5.4,Finished,2,"['Mystery', 'Sci-Fi']",
Meitantei Holmes: Aoi Ruby no Maki / Kaitei no Zaihou no Maki,1984,6.53,Finished,1,"['Adventure', 'Comedy', 'Mystery']",Novel
Meitantei Conan: Shakunetsu no Ginga Tetsudou,2020,6.74,Finished,1,"['Adventure', 'Mystery']",Manga
Fushigi Dagashiya: Zenitendou,2020,5.95,Airing,?,['Mystery'],Toei Animation
Gregory Horror Show: The Last Train,2000,6.23,Finished,26,"['Comedy', 'Horror', 'Mystery', 'Supernatural']",Original
Antique Heart,1988,5.43,Finished,1,['Mystery'],Original
Koukaku Kidoutai: SAC_2045 - Saigo no Ningen,2023,0,Finished,1,"['Action', 'Mystery', 'Sci-Fi']",Source
Mugen Shinshi: Bouken Katsugeki-hen,1987,5.62,Finished,1,"['Fantasy', 'Horror', 'Mystery']",Manga
Meitantei Conan: Honchou no Keiji Koi Monogatari - Kekkon Zenya,2022,6.98,Finished,1,"['Adventure', 'Comedy', 'Mystery', 'Romance']",Manga
Midori no Neko,1989,5.4,Finished,1,['Mystery'],Manga
Kindaichi Shounen no Jikenbo: Shinigami Byouin Satsujin Jiken,1997,6.65,Finished,1,['Mystery'],Manga
Sinbi Apartment: Ghost Ball Bimil,2016,6.5,Finished,24,"['Mystery', 'Supernatural']",Original
Template,2022,7.32,Finished,1,['Mystery'],Original
Shaonian Ge Xing: Feng Hua Xue Yue Pian Part 1,2021,6.88,Finished,16,"['Action', 'Adventure', 'Mystery']",Novel
Takarajima Memorial: Yuunagi to Yobareta Otoko,1992,6.46,Finished,1,"['Adventure', 'Drama', 'Mystery', 'Supernatural']",Novel
Gloria: Kindan no Ketsuzoku,1997,5.46,Finished,3,"['Drama', 'Mystery', 'Romance', 'Hentai']",Visual novel
Joou Heika no Petite Angie,1977,6.46,Finished,26,['Mystery'],Source
Shounen Sunday CM: Meitantei Conan,1995,5.69,Finished,1,['Mystery'],Manga
Shounen Sunday CM: Karakuri Circus,1998,5.67,Finished,1,"['Action', 'Mystery']",Manga
High School Mystery: Gakuen Nanafushigi,1991,6.81,Finished,41,"['Horror', 'Mystery']",
Maomao no Hitorigoto,2023,6.39,Airing,?,['Mystery'],Light novel
Hua Jianghu: Huan Shi Men Sheng,2017,6.25,Finished,20,"['Drama', 'Fantasy', 'Mystery', 'Romance']",Original
Xiong Bing Lian,2017,6.05,Finished,33,"['Action', 'Mystery', 'Sci-Fi', 'Supernatural']",Original
With You: Mitsumeteitai,2000,5.18,Finished,2,"['Drama', 'Fantasy', 'Mystery', 'Romance']",Visual novel
Kochira Katsushikaku Kameari Kouenmae Hashutsujo The Movie 2: UFO Shuurai! Tornado Daisakusen!!,2003,6.71,Finished,1,"['Action', 'Comedy', 'Mystery']",Manga
Qian Wu Guren,2021,0,Finished,26,"['Action', 'Adventure', 'Boys Love', 'Fantasy', 'Mystery', 'Supernatural']",Manga
Jiyi Guanli Ju,2020,7.13,Finished,1,"['Action', 'Mystery']",Original
Aruhi no Clamp Gakuen Tanteidan,2005,5.95,Finished,13,"['Comedy', 'Mystery']",Manga
Nonomura Byouin no Hitobito,1996,5.4,Finished,2,"['Mystery', 'Hentai']",Source
Megumi to Taiyou II: Kajuu Gummi Tweet Mystery - Kieta Sapphire Roman no Nazo,2012,4.89,Finished,1,['Mystery'],Source
Timing (Movie),2014,5.98,Finished,1,"['Mystery', 'Suspense']",Other
Ni Zai Xing Guang Shen Chu,2019,6.43,Finished,12,"['Mystery', 'Sci-Fi']",Novel
Gregory Horror Show: The Bloody Karte,2001,5.77,Finished,12,"['Comedy', 'Horror', 'Mystery', 'Supernatural']",Original
Gakkou no Kaidan (OVA),2005,6.38,Finished,10,"['Comedy', 'Horror', 'Mystery', 'Supernatural']",WAO World
Qui Shui Yi Yun,2015,5.73,Finished,12,"['Horror', 'Mystery', 'Supernatural']",Web manga
Wild 7 Another Bouryaku Unga,2002,5.18,Finished,13,"['Action', 'Adventure', 'Mystery']",Manga
Meitantei Conan: Kodai Kyouryuu no Nazo ni Semare!,2002,6.1,Finished,1,['Mystery'],Manga
Reporter Blues,1991,6.44,Finished,52,"['Comedy', 'Mystery']",Original
Satsujin Kippu wa Heart-iro,1990,5.21,Finished,1,['Mystery'],Novel
Princess Principal: Crown Handler Movie 5,0,0,Not yet aired,1,"['Action', 'Mystery']",Original
Yuukan Club,1991,5.72,Finished,2,"['Comedy', 'Mystery']",Manga
Mu Wang Zhi Wang: Qi Lin Jue,2016,6.21,Finished,20,"['Action', 'Mystery', 'Romance']",Original
Ginga Tansa 2100-nen: Border Planet,1986,6.25,Finished,1,"['Adventure', 'Mystery', 'Romance', 'Sci-Fi']",Original
Da Li Si Rizhi 2nd Season,2022,7.27,Finished,12,"['Action', 'Comedy', 'Fantasy', 'Mystery']",Web manga
Kuramerukagari,2024,0,Not yet aired,1,"['Mystery', 'Sci-Fi', 'Suspense']",Original
Li Shi Zhentan Shiwusuo: A Day in Lungmen - Once Upon a Time in Lungmen,2023,5.65,Finished,1,"['Comedy', 'Mystery']",Game
Shaonian Jinyiwei,2017,6.02,Finished,13,"['Action', 'Adventure', 'Mystery', 'Romance']",Original
Otohime Connection,1991,5.94,Finished,1,"['Drama', 'Mystery', 'Romance', 'Slice of Life']",Source
Tomica Hyper Rescue Drive Head: Kidou Kyuukyuu Keisatsu,2017,6.11,Finished,37,"['Adventure', 'Mystery', 'Sci-Fi']",Other
Seigi wo Aisuru Mono Gekkou Kamen,1972,6.71,Finished,39,"['Action', 'Mystery']",
15-fun de Wakaru: Kami no Tou,2020,5.79,Finished,2,"['Action', 'Adventure', 'Drama', 'Fantasy', 'Mystery']",Web manga
Princess Principal: Crown Handler Movie 6,0,0,Not yet aired,1,"['Action', 'Mystery']",Original
Houkago no Tinker Bell,1992,5.38,Finished,1,"['Comedy', 'Drama', 'Mystery', 'Romance', 'Slice of Life']",Light novel
Lupin tai Holmes,1981,5.86,Finished,1,['Mystery'],
Tezuka Osamu ga Kieta?! 20-seiki Saigo no Kaijiken,2000,6.33,Finished,1,['Mystery'],
Gasshin Sentai Mechander Robo,1977,5.84,Finished,35,"['Mystery', 'Sci-Fi']",
Meitantei Holmes: Mrs. Hudson Hitojichi Jiken no Maki / Dover Kaikyou no Daikuuchuusen no Maki,1986,6.52,Finished,1,"['Adventure', 'Comedy', 'Mystery']",Novel
Special Kid Factory,0,0,Not yet aired,?,"['Mystery', 'Sci-Fi']",Original
Kaitou Lupin: 813 no Nazo,1979,6.26,Finished,1,['Mystery'],
Ziggy: Soreyuke! R&R Band,1991,5.44,Finished,1,"['Adventure', 'Mystery']",
Urvan,2021,5.84,Finished,1,"['Mystery', 'Sci-Fi']",Original
Kochira Katsushikaku Kameari Kouenmae Hashutsujo: The Final - Ryoutsu Kankichi Saigo no Hi,2016,6.45,Finished,1,"['Comedy', 'Mystery']",Manga
Gekkou no Pierce: Yumemi to Gin no Bara no Kishidan,1991,5.67,Finished,1,"['Fantasy', 'Mystery', 'Romance']",Light novel
Kurayukaba,2024,0,Not yet aired,1,"['Mystery', 'Sci-Fi', 'Suspense']",Original
Takarajima Movie,1987,6.14,Finished,1,"['Adventure', 'Drama', 'Mystery', 'Supernatural']",Novel
Li Shi Zhentan Shiwusuo: A Day in Lungmen - Liang Xiaoshi Jiaqi,2023,6.1,Finished,1,"['Comedy', 'Mystery']",Game
Fabre-sensei wa Meitantei,2000,6.59,Finished,26,['Mystery'],Book
Oshiri Tantei,2018,0,Finished,10,"['Comedy', 'Fantasy', 'Mystery']",Picture book
Meitantei Gordon,2006,4.79,Finished,1,"['Comedy', 'Mystery']",Original
Bada-ui Jeonseol Jangbogo,2002,5.95,Finished,26,"['Action', 'Adventure', 'Comedy', 'Mystery']",
Nekketsu Jinmen Inu: Life Is Movie,2014,5.9,Finished,3,"['Comedy', 'Mystery']",
Wanpaku Tanteidan,1968,6.33,Finished,35,"['Action', 'Mystery']",
Meng Ta: Xue Mi Cheng,2018,5.91,Finished,13,"['Action', 'Adventure', 'Fantasy', 'Mystery', 'Supernatural']",Original
Si Hai Jing Qi,2018,5.93,Finished,12,"['Action', 'Adventure', 'Fantasy', 'Mystery']",Novel
Hentatsu (TV) Recap,2020,5.13,Finished,1,"['Adventure', 'Mystery']",Original
Mikeneko Holmes no Yuurei Joushu,1992,5.78,Finished,1,"['Comedy', 'Drama', 'Mystery']",Novel
Hello Kitty: Ringo no Mori no Mystery,2007,5.86,Finished,13,"['Comedy', 'Mystery']",
Anhe Zhuan,2023,6.8,Airing,26,"['Action', 'Adventure', 'Mystery']",Web novel
Shaonian Ge Xing: Feng Hua Xue Yue Pian Part 2,2022,7.04,Finished,16,"['Action', 'Adventure', 'Mystery']",Novel
Uchuu Icchokusen,2010,0,Finished,1,"['Fantasy', 'Mystery', 'Sci-Fi']",
"Yakushiji Ryouko no Kaiki Jikenbo: Hamachou, Voice & Fiction",2009,5.92,Finished,1,"['Mystery', 'Supernatural']",Light novel
Animation!,2006,5.68,Finished,13,"['Adventure', 'Avant Garde', 'Comedy', 'Fantasy', 'Mystery']",
Meitantei Conan: Keisatsu Gakkou-hen Wild Police Story - Case. Furuya Rei,2023,6.56,Finished,1,"['Adventure', 'Comedy', 'Mystery']",Manga
Mu Wang Zhi Wang: Han Tie Dou,2017,6.2,Finished,21,"['Action', 'Mystery', 'Romance']",Original
Shiritsutantei: Toki Shouzou Trouble Note - Hard & Loose,1992,5.41,Finished,1,"['Action', 'Mystery']",Manga
Li Shi Zhentan Shiwusuo: A Day in Lungmen - Home Service,2021,6.15,Finished,1,"['Action', 'Comedy', 'Mystery']",Source
Kochira Katsushikaku Kameari Kouenmae Hashutsujo: Maguro no Notta Keikan,2005,6.42,Finished,1,"['Comedy', 'Mystery']",Manga
Norakuro-kun,1987,6.51,Finished,50,"['Comedy', 'Mystery']",Manga
Nazotoki-hime wa Meitantei♥,2012,0,Finished,6,['Mystery'],Manga
Felix no Meitantei,1932,4.56,Finished,1,['Mystery'],Original
Fushigi Dagashiya: Zenitendou Movie - Tsuri Taiyaki,2020,0,Finished,1,['Mystery'],Novel
L/R: Licensed by Royal Special,2003,6.09,Finished,1,"['Action', 'Adventure', 'Mystery']",Original
Mu Wang Zhi Wang: Xuan Guan Si,2017,6.21,Finished,20,"['Action', 'Mystery', 'Romance']",Original
Shaonian Jinyiwei 2nd Season,2017,6.23,Finished,13,"['Action', 'Adventure', 'Mystery', 'Romance']",Original
Bai Yao Pu 4th Season,2024,0,Airing,?,"['Adventure', 'Fantasy', 'Mystery', 'Supernatural']",Novel
Princess Principal: Crown Handler Movie 3 - Cost for Custom Cars,2023,6.49,Finished,1,['Mystery'],Original
Nekketsu Tantei Jimusho,2013,5.2,Finished,5,"['Comedy', 'Mystery']",
Guiying Yu Li Shi Zhentan Shiwusuo,2022,5.69,Finished,1,"['Comedy', 'Mystery']",Game
Takahashi Rumiko Gekijou Ningyo no Mori Specials,2004,6.55,Finished,2,"['Drama', 'Fantasy', 'Horror', 'Mystery']",Manga
The Lamp Man,2017,5.78,Finished,1,"['Fantasy', 'Mystery']",Original
Meitantei Conan: Necchuushou no Nazo wo Toke!,2003,5.99,Finished,1,"['Comedy', 'Mystery']",Manga
Kagaku Bouken-tai Tansar 5,1979,6.26,Finished,34,"['Adventure', 'Mystery', 'Sci-Fi', 'Supernatural']",
Meitantei Rascal,2014,0,Finished,12,"['Adventure', 'Mystery']",
Karl to Fushigi na Tou,2010,0,Finished,26,"['Adventure', 'Fantasy', 'Mystery']",Original
Si Hai Jing Qi 2nd Season,2019,6.18,Finished,24,"['Action', 'Adventure', 'Fantasy', 'Mystery']",Novel
Hua Jianghu: Huan Shi Men Sheng 2nd Season,2021,0,Finished,19,"['Drama', 'Fantasy', 'Mystery', 'Romance']",Original
Columbos,2012,4.8,Finished,1,"['Drama', 'Mystery']",
Shaonian Ge Xing: Feng Hua Xue Yue Pian Special,2022,6.55,Finished,1,"['Action', 'Adventure', 'Mystery']",Novel
Alice Tantei Kyoku,1995,6.14,Finished,56,"['Fantasy', 'Mystery']",Original
Hidden Region,2022,6.5,Finished,1,['Mystery'],Game
The Gregory Gallery Tour Special,2000,5.72,Finished,3,"['Comedy', 'Horror', 'Mystery', 'Supernatural']",Original
Private Eye Dol,1995,0,Finished,3,"['Comedy', 'Mystery']",
The Collected Animations of ICAF (2001-2006),2006,5.55,Finished,16,"['Fantasy', 'Mystery']",
Yattokame Tanteidan,2007,0,Finished,14,"['Mystery', 'Slice of Life']",
Ginga Tetsudou no Yoru: Fantasy Railroad in the Stars Special,2007,0,Finished,1,"['Drama', 'Fantasy', 'Mystery']",Novel
Honto ni Atta Gakkou Kaidan,1996,0,Finished,1,"['Mystery', 'Supernatural']",
Meitantei Conan: Tantei-tachi no Starry Night,2015,0,Finished,1,"['Comedy', 'Mystery', 'Sci-Fi']",Manga
Xiong Bing Lian: Zhu Tian Jianglin,2019,6.58,Finished,26,"['Action', 'Mystery', 'Sci-Fi', 'Supernatural']",Original
Kaette Kite yoo Toyama kara,2015,0,Finished,4,"['Comedy', 'Mystery', 'Slice of Life']",Original
Chuanyue Huoxian: Youling Jihua,2019,0,Finished,13,"['Action', 'Mystery']",Game
Shuuen no Shiori,2013,6.18,Finished,1,"['Mystery', 'Supernatural']",Original
Tobidase! Bacchiri,1966,0,Finished,132,"['Comedy', 'Mystery']",
Shaonian Ge Xing: Haiwai Xianshan Pian,2023,0,Airing,?,"['Action', 'Adventure', 'Mystery']",Novel
Tantei Shounen Kageman,2001,0,Finished,39,"['Comedy', 'Mystery']",
Oshiri Tantei 5th Season,2021,0,Finished,13,"['Comedy', 'Fantasy', 'Mystery']",Picture book
Oshiri Tantei: Mina to Machi no Tuk-tuk Chase,2017,5.36,Finished,1,"['Comedy', 'Mystery']",Picture book
Meitantei Hangyodon: Kaitou Ruzu Arawaruno-kan,1993,5.31,Finished,1,['Mystery'],
Taka no Tsume Yoshida-kun Batten File: Natsuyasumi Mystery Adventure,2019,0,Finished,5,"['Comedy', 'Mystery', 'Sci-Fi', 'Supernatural']",Original
Miko Note Episode 0: Zenjitsudan,2022,0,Finished,1,"['Mystery', 'Slice of Life']",Game
Tate no Kuni PV,2022,5.76,Finished,1,"['Adventure', 'Fantasy', 'Mystery']",Manga
Doctor Mambo & Kaitou Jibako: Uchuu yori Ai wo Komete!!,1983,0,Finished,1,"['Adventure', 'Fantasy', 'Mystery', 'Sci-Fi']",
Slippy Dandy,1987,0,Finished,4,"['Action', 'Mystery']",
Oshiri Tantei 2nd Season,2018,0,Finished,16,"['Comedy', 'Fantasy', 'Mystery']",Picture book
Oshiri Tantei 4th Season,2020,0,Finished,13,"['Comedy', 'Fantasy', 'Mystery']",Picture book
Ooedo Torimonochou: Nezumi Kozou,1989,0,Finished,1,['Mystery'],
Oshiri Tantei 3rd Season,2019,0,Finished,13,"['Comedy', 'Fantasy', 'Mystery']",Picture book
Oshiri Tantei 6th Season,2022,0,Finished,13,"['Comedy', 'Fantasy', 'Mystery']",Picture book
Mr. Bond,1997,5.74,Finished,1,['Mystery'],Novel
Oshiri Tantei 7th Season,2023,0,Airing,15,"['Comedy', 'Fantasy', 'Mystery']",Picture book
Mahou no Nai Sekai de Ikiru to Iu Koto,2022,0,Finished,1,"['Drama', 'Mystery']",Original
W.O.L.F. (Win Or Lose Fight) PV,2023,5.7,Finished,1,"['Mystery', 'Supernatural']",Web manga
Teosbatbu Sageonilji PV,2020,5.7,Finished,1,"['Comedy', 'Mystery']",Manga
Yeon-ui Pyeonji PV,2021,5.81,Finished,1,"['Adventure', 'Drama', 'Mystery']",Manga
Oni Keibu Anpan,2009,0,Finished,2,['Mystery'],Other
Lutu Weiji! Sheng Freya Hao Tebie Shijian,2024,0,Finished,1,"['Comedy', 'Mystery', 'Sci-Fi']",Game
Sherlock Holmes to Watson Hakase,1975,5.22,Finished,1,['Mystery'],Novel
Oshiri Tantei Movie 1: Curry Naru Jiken,2019,0,Finished,1,"['Comedy', 'Fantasy', 'Mystery']",Picture book
Arikitari Heroes,2013,6.02,Finished,1,"['Horror', 'Mystery', 'Supernatural']",Original
Oshiri Tantei Movie 2: Tentoumushi Iseki no Nazo,2020,0,Finished,1,"['Comedy', 'Fantasy', 'Mystery']",Picture book
Sinbi Apartment Movie: Haneuldokkaebi Dae Yoleumungandeu,2019,0,Finished,1,"['Mystery', 'Supernatural']",Original
Kijeu CSI,2012,0,Finished,104,"['Adventure', 'Mystery']",Original
Oshiri Tantei Movie 3: Sufure-tou no Himitsu,2021,0,Finished,1,"['Comedy', 'Fantasy', 'Mystery']",Picture book
Sinbi Apartment: Joseontoemasillog,2023,0,Finished,4,"['Mystery', 'Supernatural']",Original
Sono Saki no Taniji,2018,0,Finished,1,"['Avant Garde', 'Mystery']",Original
Gigi Goegoe,2019,0,Finished,20,"['Horror', 'Mystery', 'Supernatural']",Web manga
Nare no Hate,2023,0,Finished,1,"['Avant Garde', 'Mystery']",Original
Da Zhentan Fuermosi: Tao Yu Da Zhuibu,2019,0,Finished,1,"['Adventure', 'Mystery']",Novel
Sinbi Apartment: Bichui Baempaieowa Eodumui Ai,2021,0,Finished,1,"['Mystery', 'Supernatural']",Original
Sushi Police Movie,2016,0,Finished,1,"['Comedy', 'Mystery']",Original
HololiveEN PVs,2021,0,Finished,2,['Mystery'],Original
Ulineun Myeong-tam-jeong,2009,0,Finished,52,['Mystery'],Original
Dogra Magra,2012,0,Finished,1,"['Mystery', 'Sci-Fi']",Novel
Oshiri Tantei Movie 4: Shiriarty,2022,0,Finished,1,"['Action', 'Comedy', 'Fantasy', 'Mystery']",Picture book
26 Ge Mimi,2005,0,Finished,26,"['Adventure', 'Mystery']",Original
Itadakinosaki,2015,0,Finished,1,"['Fantasy', 'Mystery']",Original
Code Name X,2023,0,Finished,26,"['Action', 'Comedy', 'Mystery']",Original
Dokuhaku Suru Universal Yoko Mercator Egg Man,2009,0,Finished,1,"['Mystery', 'Suspense']",Novel
Sinbi Apartment: Geumbich Dokkaebiwa Bimil-ui Dong-gul,2018,0,Finished,1,"['Mystery', 'Supernatural']",Original
Shengsi Huifang,2016,0,Finished,20,"['Mystery', 'Supernatural']",Manga
Shaonian Jinyiwei 2nd Season Xuzhang,2017,0,Finished,1,"['Action', 'Mystery']",Original
Kun Bing Zhi Long PV,2016,0,Finished,1,"['Action', 'Drama', 'Horror', 'Mystery', 'Sci-Fi', 'Suspense']",Web manga
Wangpai Erha,2023,0,Finished,1,"['Comedy', 'Mystery']",Original
Fuaxiao Chuanqi,2018,0,Finished,1,"['Mystery', 'Sci-Fi']",Original
Sabu to Ichi Torimono Hikae Pilot Film,0,0,Finished,1,"['Action', 'Drama', 'Mystery']",Manga
Oshiri Tantei Movie 5: Saraba Itoshiki Aibou (Oshiri) yo,2024,0,Not yet aired,1,"['Action', 'Comedy', 'Fantasy', 'Mystery']",Picture book
Kuaile Xiao Yongshi,2007,0,Finished,39,['Mystery'],
Tan Zhang QiQi,2003,0,Finished,26,['Mystery'],Original
Meitantei Pork,2016,0,Finished,1,"['Comedy', 'Mystery']",Original
Story of Krishna,2019,0,Finished,1,"['Avant Garde', 'Mystery']",
Shi ga Utsukushii Nante dare ga Itta,2023,0,Finished,1,"['Action', 'Horror', 'Mystery']",Book