item-name,price ($),company,rating,link
GIGABYTE WINDFORCE GeForce RTX 4070 12GB GDDR6X PCI Express 4.0 x16 ATX Video Card GV-N4070WF3OC-12GD,749,GIGABYTE,4.8,https://www.newegg.ca/gigabyte-geforce-rtx-4070-gv-n4070wf3oc-12gd/p/N82E16814932611
"ASUS Dual GeForce RTX 4070 OC Edition 12GB GDDR6X, IP5X, Auto-Extreme Technology, 144-Hour Validation Program, HDMI 2.1a, DP 1.4a, DUAL-RTX4070-O12G",769,ASUS,4.6,https://www.newegg.ca/asus-geforce-rtx-4070-dual-rtx4070-o12g/p/N82E16814126638
MSI Ventus GeForce RTX 4070 12GB GDDR6X PCI Express 4.0 ATX Video Card RTX 4070 VENTUS 2X 12G OC,771,MSI,4.8,https://www.newegg.ca/msi-geforce-rtx-4070-rtx-4070-ventus-2x-12g-oc/p/N82E16814137787
MSI Gaming GeForce RTX 4070 12GB GDDR6X PCI Express 4.0 x16 ATX Video Card RTX 4070 GAMING X SLIM 12G,769,MSI,4.9,https://www.newegg.ca/msi-geforce-rtx-4070-rtx-4070-gaming-x-slim-12g/p/N82E16814137826
"ASUS Dual GeForce RTX 4070 SUPER OC Edition graphics card (PCIe 4.0, 12GB GDDR6X, DLSS 3, HDMI 2.1, DisplayPort 1.4a, 2.56-slot design, Axial-tech fan design, Auto-Extreme Tech) DUAL-RTX4070S-O12G",829,ASUS,4.6,https://www.newegg.ca/asus-geforce-rtx-4070-dual-rtx4070s-o12g/p/N82E16814126687
"GIGABYTE GeForce RTX 4070 SUPER WINDFORCE OC 12G Graphics Card, 3x WINDFORCE Fans, 12GB 192-bit GDDR6X, GV-N407SWF3OC-12GD  Video Card",829,GIGABYTE,4.1,https://www.newegg.ca/gigabyte-geforce-rtx-4070-super-gv-n407swf3oc-12gd/p/N82E16814932683
"ZOTAC GAMING GeForce RTX 4070 Twin Edge DLSS 3 12GB GDDR6X 192-bit 21 Gbps PCIE 4.0 Compact Gaming Graphics Card, IceStorm 2.0 Advanced Cooling, SPECTRA RGB Lighting, ZT-D40700E-10M",849,ZOTAC,4.7,https://www.newegg.ca/zotac-geforce-rtx-4070-zt-d40700e-10m/p/N82E16814500550
MSI Gaming GeForce RTX 4070 SUPER 12GB GDDR6X PCI Express 4.0 ATX Video Card RTX 4070 SUPER 12G GAMING X SLIM,899,MSI,4.8,https://www.newegg.ca/msi-geforce-rtx-4070-super-rtx-4070-super-12g-gaming-x-slim/p/N82E16814137860
MSI Gaming GeForce RTX 4070 SUPER 12GB GDDR6X PCI Express 4.0 ATX Video Card RTX 4070 SUPER 12G GAMING X SLIM MLG,929,MSI,0,https://www.newegg.ca/msi-geforce-rtx-4070-super-rtx-4070-super-12g-gaming-x-slim-mlg/p/N82E16814137872
"ASUS TUF Gaming NVIDIA GeForce RTX 4070 OC Edition Gaming Graphics Card (PCIe 4.0, 12GB GDDR6X, HDMI 2.1, DisplayPort 1.4a) TUF-RTX4070-O12G-GAMING",899,ASUS,4.9,https://www.newegg.ca/asus-geforce-rtx-4070-tuf-rtx4070-o12g-gaming/p/N82E16814126637
"ZOTAC GAMING GeForce RTX 4070 SUPER Twin Edge DLSS 3 12GB GDDR6X 192-bit 21 Gbps PCIE 4.0 Compact Gaming Graphics Card, IceStorm 2.0 Advanced Cooling, SPECTRA RGB Lighting, ZT-D40720E-10M",829,ZOTAC,4.5,https://www.newegg.ca/zotac-geforce-rtx-4070-super-zt-d40720e-10m/p/N82E16814500572
"GIGABYTE GeForce RTX 4070 SUPER AERO OC 12G Graphics Card, 3x WINDFORCE Fans, 12GB 192-bit GDDR6X, GV-N407SAERO OC-12GD Video Card",919,GIGABYTE,5,https://www.newegg.ca/gigabyte-geforce-rtx-4070-super-gv-n407saero-oc-12gd/p/N82E16814932680
MSI Ventus GeForce RTX 4070 12GB GDDR6X PCI Express 4.0 ATX Video Card RTX 4070 VENTUS 2X WHITE 12G OC,789,MSI,3.9,https://www.newegg.ca/msi-geforce-rtx-4070-rtx-4070-ventus-2x-white-12g-oc/p/N82E16814137833
"ASUS Dual GeForce RTX 4070 SUPER graphics card (PCIe 4.0, 12GB GDDR6X, DLSS 3, HDMI 2.1, DisplayPort 1.4a, 2.56-slot design, Axial-tech fan design, Auto-Extreme Tech) DUAL-RTX4070S-12G",829,ASUS,4.8,https://www.newegg.ca/asus-geforce-rtx-4070-dual-rtx4070s-12g/p/N82E16814126688
"ASUS TUF Gaming GeForce RTX 4070 SUPER OC Edition Gaming Graphics Card (PCIe 4.0, 12GB GDDR6X, DLSS 3, HDMI 2.1a, DisplayPort 1.4a) TUF-RTX4070S-O12G-GAMING",949,ASUS,4.8,https://www.newegg.ca/asus-geforce-rtx-4070-tuf-rtx4070s-o12g-gaming/p/N82E16814126697
"ASUS Dual GeForce RTX 4070 White OC Edition 12GB GDDR6X (PCIe 4.0, 12GB GDDR6X, DLSS 3, HDMI 2.1, DisplayPort 1.4a, 2.56-slot design, Axial-tech fan design, 0dB technology) DUAL-RTX4070-O12G-WHITE",789,ASUS,4.9,https://www.newegg.ca/asus-geforce-rtx-4070-dual-rtx4070-o12g-white/p/N82E16814126645
"GIGABYTE GeForce RTX 4070 SUPER GAMING OC 12G Graphics Card, 3x WINDFORCE Fans, 12GB 192-bit GDDR6X, GV-N407SGAMING OC-12GD  Video Card",879,GIGABYTE,4.9,https://www.newegg.ca/gigabyte-geforce-rtx-4070-super-gv-n407sgaming-oc-12gd/p/N82E16814932681
"ASUS Dual GeForce RTX 4070 SUPER White OC Edition (PCIe 4.0, 12GB GDDR6X, DLSS 3, HDMI 2.1a, DisplayPort 1.4a, 2.56-slot design, Axial-tech fan design, Auto-Extreme Tech) DUAL-RTX4070S-O12G-WHITE",849,ASUS,5,https://www.newegg.ca/asus-geforce-rtx-4070-dual-rtx4070s-o12g-white/p/N82E16814126698
MSI Gaming GeForce RTX 4070 Ti 12GB GDDR6X PCI Express 4.0 ATX Video Card RTX 4070 Ti GAMING X SLIM 12G,1079,MSI,4.7,https://www.newegg.ca/msi-geforce-rtx-4070-ti-rtx-4070-ti-gaming-x-slim-12g/p/N82E16814137835
"ASUS Dual GeForce RTX 4070 EVO OC Edition 12GB GDDR6X is designed for broad compatibility, with a 2.5-slot design, Axial-tech fan design, 0dB technology, Auto-Extreme Technology",749,ASUS,5,https://www.newegg.ca/asus-geforce-rtx-4070-dual-rtx4070-o12g-evo/p/N82E16814126689
MSI Ventus GeForce RTX 4070 Ti 12GB GDDR6X PCI Express 4.0 Video Card RTX 4070 Ti VENTUS 3X 12G,1942,MSI,4.5,https://www.newegg.ca/msi-geforce-rtx-4070-ti-rtx-4070-ti-ventus-3x-12g/p/N82E16814137773
MSI Ventus GeForce RTX 4070 SUPER 12GB GDDR6X PCI Express 4.0 ATX Video Card RTX 4070 SUPER 12G VENTUS 2X WHITE OC,869,MSI,5,https://www.newegg.ca/msi-geforce-rtx-4070-super-rtx-4070-super-12g-ventus-2x-white-oc/p/N82E16814137862
"ASUS Dual GeForce RTX 4070 12GB GDDR6X, IP5X, Auto-Extreme Technology, 144-Hour Validation Program, HDMI 2.1a, DP 1.4a, DUAL-RTX4070-12G",759,ASUS,4.6,https://www.newegg.ca/asus-geforce-rtx-4070-tuf-rtx4070-o12g-gaming/p/N82E16814126639
"ASUS ROG Strix GeForce RTX 4070 OC Edition Gaming Graphics Card (PCIe 4.0, 12GB GDDR6X, DLSS 3, HDMI 2.1, DisplayPort 1.4a) ROG-STRIX-RTX4070-O12G-GAMING",969,ASUS,4.8,https://www.newegg.ca/asus-geforce-rtx-4070-rog-strix-rtx4070-o12g-gaming/p/N82E16814126643
GIGABYTE Gaming GeForce RTX 4070 12GB GDDR6X PCI Express 4.0 x16 ATX Video Card GV-N4070GAMING OC-12GD,829,GIGABYTE,4.5,https://www.newegg.ca/gigabyte-geforce-rtx-4070-gv-n4070gaming-oc-12gd/p/N82E16814932609
"ZOTAC GAMING GeForce RTX 4070 SUPER Trinity Black Edition DLSS 3 12GB GDDR6X 192-bit 21 Gbps PCIE 4.0 Gaming Graphics Card, IceStorm 2.0 Advanced Cooling, SPECTRA RGB Lighting, ZT-D40720D-10P",879,ZOTAC,5,https://www.newegg.ca/zotac-geforce-rtx-4070-super-zt-d40720h-10m/p/N82E16814500571
"GIGABYTE AORUS GeForce RTX 4070 SUPER MASTER 12G Graphics Card, 3x WINDFORCE Fans, 12GB 192-bit GDDR6X, GV-N407SAORUS M-12GD? Video Card",949,GIGABYTE,5,https://www.newegg.ca/gigabyte-geforce-rtx-4070-super-gv-n407saorus-m-12gd/p/N82E16814932679
MSI Ventus GeForce RTX 4070 SUPER 12GB GDDR6X PCI Express 4.0 ATX Video Card RTX 4070 SUPER 12G VENTUS 2X OC,849,MSI,4.4,https://www.newegg.ca/msi-geforce-rtx-4070-super-rtx-4070-super-12g-ventus-2x-oc/p/N82E16814137861
"ZOTAC GAMING GeForce RTX 4070 Ti SUPER Trinity Black Edition DLSS 3 16GB GDDR6X 256-bit 21 Gbps PCIE 4.0 Gaming Graphics Card, IceStorm 2.0 Advanced Cooling, SPECTRA RGB Lighting, ZT-D40730D-10P",1099,ZOTAC,5,https://www.newegg.ca/zotac-geforce-rtx-4070-ti-super-zt-d40730d-10p/p/N82E16814500576
"ASUS TUF Gaming NVIDIA GeForce RTX 4070 Gaming Graphics Card (PCIe 4.0, 12GB GDDR6X, HDMI 2.1, DisplayPort 1.4a) TUF-RTX4070-12G-GAMING",906,ASUS,5,https://www.newegg.ca/asus-geforce-rtx-4070-tuf-rtx4070-12g-gaming/p/N82E16814126641
"ASUS ROG Strix GeForce RTX 4070 SUPER OC Edition Gaming Graphics Card (PCIe 4.0, 12GB GDDR6X, DLSS 3, Massive vented backplate, Power sensing, Aura Sync) ROG-STRIX-RTX4070S-O12G-GAMING",1009,ASUS,0,https://www.newegg.ca/asus-geforce-rtx-4070-rog-strix-rtx4070s-o12g-gaming/p/N82E16814126696
"GIGABYTE GeForce RTX 4070 Ti WINDFORCE OC 12G Graphics Card, 3x WINDFORCE Fans, 12GB 192-bit GDDR6X, GV-N407TWF3OC-12GD Video Card",1099,GIGABYTE,4.2,https://www.newegg.ca/gigabyte-geforce-rtx-4070-ti-gv-n407twf3oc-12gd/p/N82E16814932623
"ASUS TUF Gaming NVIDIA GeForce RTX 4070 Ti SUPER OC Edition Gaming Graphics Card (PCIe 4.0, 16GB GDDR6X, HDMI 2.1a, DisplayPort 1.4a) TUF-RTX4070TIS-O16G-GAMING",1179,ASUS,5,https://www.newegg.ca/asus-geforce-rtx-4070-ti-super-tuf-rtx4070tis-o16g-gaming/p/N82E16814126685
MSI Ventus GeForce RTX 4070 12GB GDDR6X PCI Express 4.0 ATX Video Card RTX 4070 VENTUS 3X 12G OC,699,MSI,4.6,https://www.newegg.ca/msi-geforce-rtx-4070-rtx-4070-ventus-3x-12g-oc/p/N82E16814137789
MSI Ventus GeForce RTX 4070 Ti 12GB GDDR6X PCI Express 4.0 ATX Video Card RTX 4070 Ti VENTUS 3X E 12G OC,949,MSI,4.4,https://www.newegg.ca/msi-geforce-rtx-4070-ti-rtx-4070-ti-ventus-3x-e-12g-oc/p/N82E16814137827
"ZOTAC GAMING GeForce RTX 4070 Twin Edge OC White Edition DLSS 3 12GB GDDR6X 192-bit 21 Gbps PCIE 4.0 Compact Gaming Graphics Card, IceStorm 2.0 Advanced Cooling, SPECTRA RGB Lighting, ZT-D40700Q-10M",799,ZOTAC,0,https://www.newegg.ca/zotac-geforce-rtx-4070-zt-d40700q-10m/p/N82E16814500568
"ASUS Dual GeForce RTX 4070 White Edition 12GB GDDR6X (PCIe 4.0, 12GB GDDR6X, DLSS 3, HDMI 2.1, DisplayPort 1.4a, 2.56-slot design, Axial-tech fan design, 0dB technology) DUAL-RTX4070-12G-WHITE",809,ASUS,5,https://www.newegg.ca/asus-geforce-rtx-4070-dual-rtx4070-12g-white/p/N82E16814126646
"GIGABYTE GeForce RTX 4070 SUPER EAGLE OC 12G Graphics Card, 3x WINDFORCE Fans, 12GB 192-bit GDDR6X, GV-N407SEAGLE OC-12GD? Video Card",849,GIGABYTE,0,https://www.newegg.ca/gigabyte-geforce-rtx-4070-super-gv-n407seagle-oc-12gd/p/N82E16814932682
"GIGABYTE GeForce RTX 4070 Ti SUPER GAMING OC 16G Graphics Card, 3x WINDFORCE Fans, 16GB 256-bit GDDR6X, GV-N407TSGAMING OC-16GD Video Card",1149,GIGABYTE,4.5,https://www.newegg.ca/gigabyte-geforce-rtx-4070-ti-super-gv-n407tsgaming-oc-16gd/p/N82E16814932676
"ZOTAC GAMING GeForce RTX 4070 SUPER Twin Edge OC DLSS 3 12GB GDDR6X 192-bit 21 Gbps PCIE 4.0 Compact Gaming Graphics Card, IceStorm 2.0 Advanced Cooling, SPECTRA RGB Lighting, ZT-D40720H-10M",849,ZOTAC,5,https://www.newegg.ca/zotac-geforce-rtx-4070-super-zt-d40720h-10m/p/N82E16814500573
"ASUS ROG Strix NVIDIA GeForce RTX 4070 Ti Gaming Graphics Card (PCIe 4.0, 12GB GDDR6X, HDMI 2.1a, DisplayPort 1.4a) ROG-STRIX-RTX4070TI-12G-GAMING",1240,ASUS,4.4,https://www.newegg.ca/asus-geforce-rtx-4070-ti-rog-strix-rtx4070ti-12g-gaming/p/N82E16814126605
"ASUS ROG Strix NVIDIA GeForce RTX 4070 Ti OC Edition Gaming Graphics Card (PCIe 4.0, 12GB GDDR6X, HDMI 2.1a, DisplayPort 1.4a) ROG-STRIX-RTX4070TI-O12G-GAMING",1387,ASUS,4.4,https://www.newegg.ca/asus-geforce-rtx-4070-ti-rog-strix-rtx4070ti-o12g-gaming/p/N82E16814126604
"ASUS TUF Gaming NVIDIA GeForce RTX 4070 Ti SUPER Gaming Graphics Card (PCIe 4.0, 16GB GDDR6X, HDMI 2.1a, DisplayPort 1.4a) TUF-RTX4070TIS-16G-GAMING",1456,ASUS,4.9,https://www.newegg.ca/asus-geforce-rtx-4070-ti-super-tuf-rtx4070tis-16g-gaming/p/N82E16814126686
MSI Ventus GeForce RTX 4070 Ti SUPER 16GB GDDR6X PCI Express 4.0 ATX Video Card RTX 4070 Ti SUPER 16G VENTUS 2X OC,1119,MSI,5,https://www.newegg.ca/msi-geforce-rtx-4070-ti-super-rtx-4070-ti-super-16g-ventus-2x-oc/p/N82E16814137857
"ZOTAC GAMING GeForce RTX 4070 Ti Trinity OC White Edition DLSS 3 12GB GDDR6X 192-bit 21 Gbps PCIE 4.0 Gaming Graphics Card, IceStorm 2.0 Advanced Cooling, SPECTRA 2.0 RGB Lighting, ZT-D40710Q-10P",1149,ZOTAC,5,https://www.newegg.ca/zotac-geforce-rtx-4070-ti-zt-d40710q-10p/p/N82E16814500562
MSI Ventus GeForce RTX 4070 Ti SUPER 16GB GDDR6X PCI Express 4.0 ATX Video Card RTX 4070 Ti SUPER 16G VENTUS 2X WHITE OC,1149,MSI,4.8,https://www.newegg.ca/msi-geforce-rtx-4070-ti-super-rtx-4070-ti-super-16g-ventus-2x-white-oc/p/N82E16814137858
"ZOTAC GAMING GeForce RTX 4070 Twin Edge OC DLSS 3 12GB GDDR6X 192-bit 21 Gbps PCIE 4.0 Compact Gaming Graphics Card, IceStorm 2.0 Advanced Cooling, SPECTRA RGB Lighting, ZT-D40700H-10M",799,ZOTAC,4,https://www.newegg.ca/zotac-geforce-rtx-4070-zt-d40700d-10p/p/N82E16814500552
"ZOTAC GAMING GeForce RTX 4070 Ti SUPER AMP Holo DLSS 3 16GB GDDR6X 256-bit 21 Gbps PCIE 4.0 Gaming Graphics Card, IceStorm 2.0 Advanced Cooling, SPECTRA 2.0 ARGB Lighting, ZT-D40730F-10P",1179,ZOTAC,5,https://www.newegg.ca/zotac-geforce-rtx-4070-ti-super-zt-d40730f-10p/p/N82E16814500578
"ZOTAC GAMING GeForce RTX 4070 Ti Trinity OC DLSS 3 12GB GDDR6X 192-bit 21 Gbps PCIE 4.0 Gaming Graphics Card, IceStorm 2.0 Advanced Cooling, SPECTRA 2.0 RGB Lighting, ZT-D40710J-10P",1149,ZOTAC,4.5,https://www.newegg.ca/zotac-geforce-rtx-4070-ti-zt-d40710j-10p/p/N82E16814500546
"ASUS TUF Gaming NVIDIA GeForce RTX 4070 Ti OC White Edition Gaming Graphics Card (PCIe 4.0, 12GB GDDR6X, HDMI 2.1a, DisplayPort 1.4a) TUF-RTX4070TI-O12G-WHITE-GAMING",1238,ASUS,5,https://www.newegg.ca/asus-geforce-rtx-4070-ti-tuf-rtx4070ti-o12g-white-gaming/p/N82E16814126683
MSI Suprim GeForce RTX 4070 Ti 12GB GDDR6X PCI Express 4.0 Video Card RTX 4070 Ti SUPRIM SE 12G,1149,MSI,0,https://www.newegg.ca/msi-geforce-rtx-4070-ti-rtx-4070-ti-suprim-12g/p/N82E16814137864
MSI Ventus GeForce RTX 4070 Ti 12GB GDDR6X PCI Express 4.0 x16 ATX Video Card RTX 4070 Ti VENTUS 2X 12G OC,1099,MSI,0,https://www.newegg.ca/msi-geforce-rtx-4070-ti-rtx-4070-ti-ventus-2x-12g-oc/p/N82E16814137840
MSI Ventus GeForce RTX 4070 Ti 12GB GDDR6X PCI Express 4.0 ATX Video Card RTX 4070 Ti VENTUS 2X WHITE 12G OC,999,MSI,0,https://www.newegg.ca/msi-geforce-rtx-4070-ti-rtx-4070-ti-ventus-2x-white-12g-oc/p/N82E16814137839
"ASUS TUF Gaming NVIDIA GeForce RTX 4070 Ti OC Edition Gaming Graphics Card (PCIe 4.0, 12GB GDDR6X, HDMI 2.1a, DisplayPort 1.4a)",1789,ASUS,0,https://www.newegg.ca/p/1FT-000Y-00924
MSI Ventus GeForce RTX 4070 Ti SUPER 16GB GDDR6X PCI Express 4.0 ATX Video Card RTX 4070 Ti SUPER 16G VENTUS 3X OC,1129,MSI,5,https://www.newegg.ca/msi-geforce-rtx-4070-ti-super-rtx-4070-ti-super-16g-ventus-3x-oc/p/N82E16814137856
"GIGABYTE GeForce RTX 4070 Ti GAMING OC V2 12G Graphics Card, 3x WINDFORCE Fans, 12GB 192-bit GDDR6X, GV-N407TGAMING OCV2-12GD Video Card",1149,GIGABYTE,5,https://www.newegg.ca/gigabyte-geforce-rtx-4070-ti-gv-n407tgaming-ocv2-12gd/p/N82E16814932652
ASUS Dual GeForce RTX 4070 White OC Overclocked Edition 12GB GDDR6X Gaming Graphics Card [DUAL-RTX4070-O12G-WHITE],1475,ASUS,0,https://www.newegg.ca/p/1FT-000Y-008X9
"ASUS Dual GeForce RTX 4070 OC Edition 12GB GDDR6X, IP5X, Auto-Extreme Technology, 144-Hour Validation Program, HDMI 2.1a, DP 1.4a",1446,ASUS,0,https://www.newegg.ca/p/1FT-000Y-00922
"GIGABYTE GeForce RTX 4070 WINDFORCE 2X OC 12G Graphics Card, 2x WINDFORCE Fans, 12GB 192-bit GDDR6X, GV-N4070WF2OC-12GD Video Card",759,GIGABYTE,4,https://www.newegg.ca/gigabyte-geforce-rtx-4070-gv-n4070wf2oc-12gd/p/N82E16814932667
MSI Ventus GeForce RTX 4070 SUPER 12GB GDDR6X PCI Express 4.0 ATX Video Card RTX 4070 SUPER 12G VENTUS 3X OC,879,MSI,1,https://www.newegg.ca/msi-geforce-rtx-4070-super-rtx-4070-super-12g-ventus-3x-oc/p/N82E16814137863
ASUS ProArt GeForce RTX 4070 12GB - OC Edition - graphics card - GeForce RTX 4070 - 12 GB,1521,ASUS,0,https://www.newegg.ca/p/27N-000M-00223
ASUS ProArt GeForce RTX 4070 12GB - graphics card - GeForce RTX 4070 - 12 GB,1510,ASUS,0,https://www.newegg.ca/p/27N-000M-00228
PNY GeForce RTX 4070 12GB VERTO Dual Fan Graphics Card DLSS 3,896,PNY,4.8,https://www.newegg.ca/pny-geforce-rtx-4070-vcg407012dfxpb1/p/N82E16814133855
MSI GeForce RTX 4070 GAMING X SLIM WHITE 12G - graphics card - GeForce RTX 4070 - 12 GB - white,1649,MSI,0,https://www.newegg.ca/p/27N-0023-00227
"ASUS ProArt GeForce RTX 4070 Ti 12GB OC Edition GDDR6X Graphics Card (PCIe 4.0, 12GB GDDR6X, DLSS 3, HDMI 2.1a, DisplayPort 1.4a) PROART-RTX4070TI-O12G",999,ASUS,5,https://www.newegg.ca/asus-proart-geforce-rtx-4070-ti-oc-edition-12gb-gddr6x/p/N82E16814126663
GIGABYTE AERO GeForce RTX 4070 Ti 12GB GDDR6X PCI Express 4.0 x16 ATX Video Card GV-N407TAERO OCV2-12GD,1119,GIGABYTE,4.5,https://www.newegg.ca/gigabyte-geforce-rtx-4070-ti-gv-n407taero-ocv2-12gd/p/N82E16814932615
MSI GeForce RTX 4070 Ti VENTUS 3X E 12G OC - graphics card - GeForce RTX 4070 Ti - 12 GB,1799,MSI,0,https://www.newegg.ca/p/27N-0023-00230
"ASUS TUF Gaming NVIDIA GeForce RTX 4070 Ti Gaming Graphics Card (PCIe 4.0, 12GB GDDR6X, HDMI 2.1a, DisplayPort 1.4a) TUF-RTX4070TI-12G-GAMING",1119,ASUS,4.8,https://www.newegg.ca/asus-geforce-rtx-4070-ti-tuf-rtx4070ti-12g-gaming/p/N82E16814126607
"ASUS ROG Strix GeForce RTX 4070 Gaming Graphics Card (PCIe 4.0, 12GB GDDR6X, DLSS 3, HDMI 2.1, DisplayPort 1.4a) ROG-STRIX-RTX4070-12G-GAMING",849,ASUS,5,https://www.newegg.ca/asus-geforce-rtx-4070-rog-strix-rtx4070-12g-gaming/p/N82E16814126644
PNY GeForce RTX 4070 Ti SUPER 16GB VERTO Overclocked Triple Fan DLSS 3 VCG4070TS16TFXPB1-O,1271,PNY,5,https://www.newegg.ca/pny-geforce-rtx-4070-ti-super-vcg4070s12tfxxpb1-o/p/N82E16814133865
"GIGABYTE GeForce RTX 4070 Ti EAGLE OC 12G (rev. 2.0) Graphics Card, 3x WINDFORCE Fans, 12GB 192-bit GDDR6X, GV-N407TEAGLE OC-12GD Rev2.0 Video Card",1099,GIGABYTE,5,https://www.newegg.ca/gigabyte-geforce-rtx-4090-gv-n4090wf3v2-24gdw/p/N82E16814932632
"GIGABYTE GeForce RTX 4070 Ti GAMING OC 12G Graphics Card, 3x WINDFORCE Fans, 12GB 192-bit GDDR6X, GV-N407TGAMING OC-12GD Video Card",1149,GIGABYTE,4.9,https://www.newegg.ca/gigabyte-geforce-rtx-4070-ti-gv-n407tgaming-oc-12gd/p/N82E16814932580
PNY GeForce RTX 4070 SUPER 12GB VERTO Overclocked Dual Fan Graphics Card DLSS 3 VCG4070S12DFXPB1-O,900,PNY,0,https://www.newegg.ca/pny-geforce-rtx-4070-super-vcg4070s12dfxpb1-o/p/N82E16814133863
MSI Gaming GeForce RTX 4070 12GB GDDR6X PCI Express 4.0 ATX Video Card RTX 4070 GAMING X TRIO 12G,947,MSI,4.9,https://www.newegg.ca/msi-geforce-rtx-4070-rtx-4070-ventus-2x-12g-oc/p/N82E16814137791
MSI Ventus GeForce RTX 4070 Ti 12GB GDDR6X PCI Express 4.0 Video Card RTX 4070 Ti VENTUS 3X 12G OC,1304,MSI,4.2,https://www.newegg.ca/msi-geforce-rtx-4070-ti-rtx-4070-ti-ventus-3x-12g-oc/p/N82E16814137772
"ASUS ProArt GeForce RTX 4070 OC Edition 12GB GDDR6X Graphics Card  (PCIe 4.0, 12GB GDDR6X, DLSS 3, HDMI 2.1, DisplayPort 1.4a) PROART-RTX4070-O12G",949,ASUS,0,https://www.newegg.ca/asus-geforce-rtx-4070-proart-rtx4070-o12g/p/N82E16814126673
GIGABYTE AORUS GeForce RTX 4070 12GB GDDR6X PCI Express 4.0 x16 ATX Video Card GV-N4070AORUS M-12GD MASTER,1526,GIGABYTE,0,https://www.newegg.ca/p/1FT-000A-006P2
"GIGABYTE AORUS GeForce RTX 4070 Ti ELITE 12G Graphics Card, 3x WINDFORCE Fans, 12GB 192-bit GDDR6X, GV-N407TAORUS E-12GD Video Card",1847,GIGABYTE,0,https://www.newegg.ca/p/1FT-000A-00662
PNY GeForce RTX 4070 Ti 12GB VERTO Triple Fan Graphics Card DLSS 3,1326,PNY,0,https://www.newegg.ca/pny-geforce-rtx-4070-ti-vcg4070t12tfxpb1/p/N82E16814133851
"ASUS TUF Gaming NVIDIA GeForce RTX 4070 Ti OC Edition Gaming Graphics Card (PCIe 4.0, 12GB GDDR6X, HDMI 2.1a, DisplayPort 1.4a) TUF-RTX4070TI-O12G-GAMING",1059,ASUS,4.6,https://www.newegg.ca/asus-geforce-rtx-4070-ti-tuf-rtx4070ti-o12g-gaming/p/N82E16814126606
Zotac Gaming Geforce RTX 4070 Amp Airo Spider-man: Across the Spider-Verse Bundle   ZT-D40700F-10SMP,972,Zotac,0,https://www.newegg.ca/zotac-geforce-rtx-4070-nvidia-rtx-4070-amp-airo-spider-man-across-the-spider-verse/p/N82E16814500556
"GIGABYTE GeForce RTX 4070 Ti SUPER WINDFORCE OC 16G Graphics Card, 3x WINDFORCE Fans, 16GB 256-bit GDDR6X, GV-N407TSWF3OC-16GD Video Card",1089,GIGABYTE,4.1,https://www.newegg.ca/gigabyte-geforce-rtx-4070-ti-super-gv-n407tswf3oc-16gd/p/N82E16814932678
"GIGABYTE GeForce RTX 4070 Ti SUPER AERO OC 16G Graphics Card, 3x WINDFORCE Fans, 16GB 256-bit GDDR6X, GV-N407TSAERO OC-16GD Video Card",1189,GIGABYTE,5,https://www.newegg.ca/gigabyte-geforce-rtx-4070-ti-super-gv-n407tsaero-oc-16gd/p/N82E16814932675
"GIGABYTE AORUS GeForce RTX 4070 Ti ELITE 12G Graphics Card, 3x WINDFORCE Fans, 12GB 192-bit GDDR6X, GV-N407TAORUS E-12GD Video Card",1299,GIGABYTE,4.7,https://www.newegg.ca/gigabyte-geforce-rtx-4070-ti-gv-n407taorus-e-12gd/p/N82E16814932583
Gigabyte RTX 4070Ti SUPER GV-N407TSEAGLE OC-16GD GDDR6X 16GB 256 bit video card,1829,GIGABYTE,0,https://www.newegg.ca/p/1FT-000A-006W1
"ASUS ProArt GeForce RTX 4070 SUPER OC Edition Graphics Card (PCIe 4.0, 12GB GDDR6X, DLSS 3, HDMI 2.1a, DisplayPort 1.4a) PROART-RTX4070S-O12G",1005,ASUS,0,https://www.newegg.ca/asus-geforce-rtx-4070-super-proart-rtx4070s-o12g/p/N82E16814126710
GIGABYTE AERO GeForce RTX 4070 12GB GDDR6X PCI Express 4.0 x16 ATX Video Card GV-N4070AERO OC-12GD,1429,GIGABYTE,4.8,https://www.newegg.ca/gigabyte-geforce-rtx-4070-gv-n4070aero-oc-12gd/p/N82E16814932608
"ASUS ProArt GeForce RTX 4070 Ti 12GB OC overclocked GDDR6X graphics card offers an elegant and minimalist style, providing creators with excellent graphics performance",2184,ASUS,0,https://www.newegg.ca/p/1FT-000Y-008Z4
"ASUS TUF Gaming NVIDIA GeForce RTX 4070 OC Edition Gaming Graphics Card (PCIe 4.0, 12GB GDDR6X, HDMI 2.1, DisplayPort 1.4a)",1582,ASUS,0,https://www.newegg.ca/p/1FT-000Y-00925
MSI GeForce RTX 4070 Ti GAMING X SLIM 12G - graphics card - GeForce RTX 4070 Ti - 12 GB,1926,MSI,0,https://www.newegg.ca/p/27N-0023-00236
GIGABYTE Eagle GeForce RTX 4070 12GB GDDR6X PCI Express 4.0 x16 ATX Video Card GV-N4070EAGLE OC-12GD,904,GIGABYTE,4.9,https://www.newegg.ca/gigabyte-geforce-rtx-4070-gv-n4070eagle-oc-12gd/p/N82E16814932610
"ASUS ProArt GeForce RTX 4070 Ti 12GB GDDR6X Graphics Card (PCIe 4.0, 12GB GDDR6X, DLSS 3, HDMI 2.1a, DisplayPort 1.4a) PROART-RTX4070TI-12G",1349,ASUS,5,https://www.newegg.ca/asus-geforce-rtx-4070-ti-proart-rtx4070ti-12g/p/N82E16814126662
"ZOTAC GAMING GeForce RTX 4070 Ti AMP Extreme AIRO DLSS 3 12GB GDDR6X 192-bit 21 Gbps PCIE 4.0 Gaming Graphics Card, IceStorm 2.0 Advanced Cooling, SPECTRA 2.0 RGB Lighting, ZT-D40710B-10P",1289,ZOTAC,4.5,https://www.newegg.ca/zotac-geforce-rtx-4070-ti-zt-d40710b-10p/p/N82E16814500544
"GIGABYTE AORUS GeForce RTX 4070 Ti ELITE 12G Graphics Card, 3x WINDFORCE Fans, 12GB 192-bit GDDR6X, GV-N407TAORUS E-12GD Video Card",1099,GIGABYTE,0,https://www.newegg.ca/gigabyte-geforce-rtx-4070-ti-gv-n407taorus-e-12gd/p/N82E16814932583R
"ZOTAC GeForce RTX4070 X-GAMING OC  12GB Graphics Card, GDDR6X 192-bit PCI Express 4.0 16x Video Card",1349,ZOTAC,0,https://www.newegg.ca/p/1FT-000M-003M9
"ZOTAC GeForce RTX4070 Apocalypse OC 12GB Graphics Card, GDDR6X 192-bit PCI Express 4.0 16x Video Card",0,ZOTAC,0,https://www.newegg.ca/p/1FT-000M-003N0
"ZOTAC GeForce RTX4070TI Apocalypse OC 12GB Graphics Card, GDDR6X 192-bit PCI Express 4.0 16x Video Card",1753,ZOTAC,0,https://www.newegg.ca/p/1FT-000M-003N3
"ZOTAC GeForce RTX4070TI X-GAMING OC 12GB Graphics Card, GDDR6X 192-bit PCI Express 4.0 16x Video Card",1753,ZOTAC,0,https://www.newegg.ca/p/1FT-000M-003N2
"ZOTAC GeForce RTX4070TI TRINTY OC Lunar White 12GB Graphics Card, GDDR6X 192-bit PCI Express 4.0 16x Video Card",1753,ZOTAC,0,https://www.newegg.ca/p/1FT-000M-003N4
"ZOTAC GeForce RTX4070TI AMP EXTREME AIRO 12GB Graphics Card, GDDR6X 192-bit PCI Express 4.0 16x Video Card",1753,ZOTAC,0,https://www.newegg.ca/p/1FT-000M-003N5
"ZOTAC GeForce RTX4070TI X-GAMING OC opal white 12GB Graphics Card, GDDR6X 192-bit PCI Express 4.0 16x Video Card",1753,ZOTAC,0,https://www.newegg.ca/p/1FT-000M-003N1
"ZOTAC GeForce RTX4070 X-GAMING OC opal white 12GB Graphics Card, Graphics Card, GDDR6X 192-bit PCI Express 4.0 16x Video Card",1349,ZOTAC,0,https://www.newegg.ca/p/1FT-000M-003M8
MSI Gaming GeForce RTX 4070 Ti 12GB GDDR6X PCI Express 4.0 Video Card RTX 4070 Ti GAMING X TRIO 12G,1898,MSI,0,https://www.newegg.ca/p/1FT-0009-00BN9
MSI Suprim GeForce RTX 4070 Ti 12GB GDDR6X PCI Express 4.0 Video Card RTX 4070 Ti SUPRIM 12G,1898,MSI,0,https://www.newegg.ca/p/1FT-0009-00BP0
CORSAIR HX1500i Fully Modular Ultra-Low Noise ATX Power Supply - ATX 3.0 PCIe 5.0 Compliant - Fluid Dynamic Bearing Fan - CORSAIR iCUE Software Compatible - 80 PLUS Platinum Efficiency and MSI Ventus GeForce RTX 4070 Ti Video Card RTX 4070,1379,CORSAIR,0,https://www.newegg.ca/Product/ComboDealDetails?ItemList=Combo.4606149
CORSAIR RMx Shift Series RM850x Shift Fully Modular 80PLUS Gold ATX Power Supply and MSI Ventus GeForce RTX 4070 Ti Video Card RTX 4070 Ti VENTUS 2X WHITE 12G OC,1189,CORSAIR,0,https://www.newegg.ca/Product/ComboDealDetails?ItemList=Combo.4605909
CORSAIR RMx Series (2021) RM1000x CP-9020201-NA 1000 W Power Supply and MSI Ventus GeForce RTX 4070 Ti SUPER Video Card RTX 4070 Ti SUPER 16G VENTUS 2X OC,1324,CORSAIR,0,https://www.newegg.ca/Product/ComboDealDetails?ItemList=Combo.4605745
CORSAIR RMx Series (2021) RM850x CP-9020200-NA 850 W Power Supply and MSI Ventus GeForce RTX 4070 Ti SUPER Video Card RTX 4070 Ti SUPER 16G VENTUS 2X WHITE OC,1304,CORSAIR,0,https://www.newegg.ca/Product/ComboDealDetails?ItemList=Combo.4605590
CORSAIR RM850e Fully Modular Low-Noise ATX Power Supply - ATX 3.0 PCIe 5.0 Compliant - 105°C-Rated Capacitors - 80 PLUS Gold Efficiency - Modern Standby Support and MSI Ventus GeForce RTX 4070 Ti Video Card RTX 4070 Ti VENTUS 3X E 12G OC,1084,CORSAIR,0,https://www.newegg.ca/Product/ComboDealDetails?ItemList=Combo.4605700
CORSAIR RMx Series (2021) RM850x CP-9020200-NA 850 W Power Supply and MSI Gaming GeForce RTX 4070 Ti Video Card RTX 4070 Ti GAMING X SLIM 12G,1234,CORSAIR,0,https://www.newegg.ca/Product/ComboDealDetails?ItemList=Combo.4605588
CORSAIR RMx Shift Series RM850x Shift Fully Modular 80PLUS Gold ATX Power Supply and MSI Ventus GeForce RTX 4070 Ti SUPER Video Card RTX 4070 Ti SUPER 16G VENTUS 2X OC,1309,CORSAIR,0,https://www.newegg.ca/Product/ComboDealDetails?ItemList=Combo.4605905
CORSAIR HX1000i Fully Modular Ultra-Low Noise ATX Power Supply - ATX 3.0 PCIe 5.0 Compliant - Fluid Dynamic Bearing Fan - CORSAIR iCUE Software Compatible - 80 PLUS Platinum Efficiency and MSI Ventus GeForce RTX 4070 Ti Video Card RTX 4070,1204,CORSAIR,0,https://www.newegg.ca/Product/ComboDealDetails?ItemList=Combo.4606060
CORSAIR RMx Shift Series RM1000x Shift Fully Modular 80PLUS Gold ATX Power Supply and MSI Gaming GeForce RTX 4070 Ti Video Card RTX 4070 Ti GAMING X SLIM 12G,1299,CORSAIR,0,https://www.newegg.ca/Product/ComboDealDetails?ItemList=Combo.4605988
CORSAIR RM850e Fully Modular Low-Noise ATX Power Supply - ATX 3.0 PCIe 5.0 Compliant - 105°C-Rated Capacitors - 80 PLUS Gold Efficiency - Modern Standby Support and MSI Ventus GeForce RTX 4070 Ti Video Card RTX 4070 Ti VENTUS 2X WHITE 12G O,1134,CORSAIR,0,https://www.newegg.ca/Product/ComboDealDetails?ItemList=Combo.4605709
CORSAIR HX1000i Fully Modular Ultra-Low Noise ATX Power Supply - ATX 3.0 PCIe 5.0 Compliant - Fluid Dynamic Bearing Fan - CORSAIR iCUE Software Compatible - 80 PLUS Platinum Efficiency and MSI Ventus GeForce RTX 4070 Ti Video Card RTX 4070,1254,CORSAIR,0,https://www.newegg.ca/Product/ComboDealDetails?ItemList=Combo.4606069
CORSAIR RMx Series (2021) RM1000x CP-9020201-NA 1000 W Power Supply and MSI Ventus GeForce RTX 4070 Ti Video Card RTX 4070 Ti VENTUS 3X E 12G OC,1154,CORSAIR,0,https://www.newegg.ca/Product/ComboDealDetails?ItemList=Combo.4605740
CORSAIR RMx Series (2021) RM1000x CP-9020201-NA 1000 W Power Supply and MSI Gaming GeForce RTX 4070 Ti Video Card RTX 4070 Ti GAMING X SLIM 12G,1284,CORSAIR,0,https://www.newegg.ca/Product/ComboDealDetails?ItemList=Combo.4605748
CORSAIR RMx Shift Series RM1000x Shift Fully Modular 80PLUS Gold ATX Power Supply and MSI Ventus GeForce RTX 4070 Ti SUPER Video Card RTX 4070 Ti SUPER 16G VENTUS 2X OC,1339,CORSAIR,0,https://www.newegg.ca/Product/ComboDealDetails?ItemList=Combo.4605985
CORSAIR RMx Shift Series RM1000x Shift Fully Modular 80PLUS Gold ATX Power Supply and MSI Ventus GeForce RTX 4070 Ti SUPER Video Card RTX 4070 Ti SUPER 16G VENTUS 2X WHITE OC,1369,CORSAIR,0,https://www.newegg.ca/Product/ComboDealDetails?ItemList=Combo.4605990
CORSAIR RM850e Fully Modular Low-Noise ATX Power Supply - ATX 3.0 PCIe 5.0 Compliant - 105°C-Rated Capacitors - 80 PLUS Gold Efficiency - Modern Standby Support and MSI Ventus GeForce RTX 4070 Ti SUPER Video Card RTX 4070 Ti SUPER 16G VENTU,1254,CORSAIR,0,https://www.newegg.ca/Product/ComboDealDetails?ItemList=Combo.4605705
CORSAIR RM1000e Fully Modular Low-Noise ATX Power Supply - ATX 3.0 PCIe 5.0 Compliant - 105°C-Rated Capacitors - 80 PLUS Gold Efficiency - Modern Standby Support and MSI Ventus GeForce RTX 4070 Ti SUPER Video Card RTX 4070 Ti SUPER 16G VENT,1339,CORSAIR,0,https://www.newegg.ca/Product/ComboDealDetails?ItemList=Combo.4605950
CORSAIR RMx Series (2021) RM1000x CP-9020201-NA 1000 W Power Supply and MSI Ventus GeForce RTX 4070 Ti Video Card RTX 4070 Ti VENTUS 2X WHITE 12G OC,1204,CORSAIR,0,https://www.newegg.ca/Product/ComboDealDetails?ItemList=Combo.4605749
CORSAIR RMx Series (2021) RM1000x CP-9020201-NA 1000 W Power Supply and MSI Ventus GeForce RTX 4070 Ti SUPER Video Card RTX 4070 Ti SUPER 16G VENTUS 2X WHITE OC,1354,CORSAIR,0,https://www.newegg.ca/Product/ComboDealDetails?ItemList=Combo.4605750
CORSAIR RMx Shift Series RM850x Shift Fully Modular 80PLUS Gold ATX Power Supply and MSI Ventus GeForce RTX 4070 Ti Video Card RTX 4070 Ti VENTUS 3X E 12G OC,1139,CORSAIR,0,https://www.newegg.ca/Product/ComboDealDetails?ItemList=Combo.4605900
CORSAIR RMx Shift Series RM1000x Shift Fully Modular 80PLUS Gold ATX Power Supply and MSI Ventus GeForce RTX 4070 Ti Video Card RTX 4070 Ti VENTUS 3X E 12G OC,1169,CORSAIR,0,https://www.newegg.ca/Product/ComboDealDetails?ItemList=Combo.4605980
CORSAIR RMx Shift Series RM1000x Shift Fully Modular 80PLUS Gold ATX Power Supply and MSI Ventus GeForce RTX 4070 Ti Video Card RTX 4070 Ti VENTUS 2X WHITE 12G OC,1219,CORSAIR,0,https://www.newegg.ca/Product/ComboDealDetails?ItemList=Combo.4605989
CORSAIR RMx Shift Series RM850x Shift Fully Modular 80PLUS Gold ATX Power Supply and MSI Ventus GeForce RTX 4070 Ti SUPER Video Card RTX 4070 Ti SUPER 16G VENTUS 2X WHITE OC,1339,CORSAIR,0,https://www.newegg.ca/Product/ComboDealDetails?ItemList=Combo.4605910
CORSAIR HX1000i Fully Modular Ultra-Low Noise ATX Power Supply - ATX 3.0 PCIe 5.0 Compliant - Fluid Dynamic Bearing Fan - CORSAIR iCUE Software Compatible - 80 PLUS Platinum Efficiency and MSI Gaming GeForce RTX 4070 Ti Video Card RTX 4070,1334,CORSAIR,0,https://www.newegg.ca/Product/ComboDealDetails?ItemList=Combo.4606068
CORSAIR RM1000e Fully Modular Low-Noise ATX Power Supply - ATX 3.0 PCIe 5.0 Compliant - 105°C-Rated Capacitors - 80 PLUS Gold Efficiency - Modern Standby Support and MSI Gaming GeForce RTX 4070 Ti Video Card RTX 4070 Ti GAMING X SLIM 12G,1269,CORSAIR,0,https://www.newegg.ca/Product/ComboDealDetails?ItemList=Combo.4605948
CORSAIR RM1000e Fully Modular Low-Noise ATX Power Supply - ATX 3.0 PCIe 5.0 Compliant - 105°C-Rated Capacitors - 80 PLUS Gold Efficiency - Modern Standby Support and MSI Ventus GeForce RTX 4070 Ti Video Card RTX 4070 Ti VENTUS 2X WHITE 12G,1189,CORSAIR,0,https://www.newegg.ca/Product/ComboDealDetails?ItemList=Combo.4605949
CORSAIR HX1500i Fully Modular Ultra-Low Noise ATX Power Supply - ATX 3.0 PCIe 5.0 Compliant - Fluid Dynamic Bearing Fan - CORSAIR iCUE Software Compatible - 80 PLUS Platinum Efficiency and MSI Gaming GeForce RTX 4070 Ti Video Card RTX 4070,1459,CORSAIR,0,https://www.newegg.ca/Product/ComboDealDetails?ItemList=Combo.4606148
CORSAIR RMx Series (2021) RM850x CP-9020200-NA 850 W Power Supply and MSI Ventus GeForce RTX 4070 Ti Video Card RTX 4070 Ti VENTUS 3X E 12G OC,1104,CORSAIR,0,https://www.newegg.ca/Product/ComboDealDetails?ItemList=Combo.4605580
CORSAIR RMx Shift Series RM850x Shift Fully Modular 80PLUS Gold ATX Power Supply and MSI Gaming GeForce RTX 4070 Ti Video Card RTX 4070 Ti GAMING X SLIM 12G,1269,CORSAIR,0,https://www.newegg.ca/Product/ComboDealDetails?ItemList=Combo.4605908
CORSAIR RM850e Fully Modular Low-Noise ATX Power Supply - ATX 3.0 PCIe 5.0 Compliant - 105°C-Rated Capacitors - 80 PLUS Gold Efficiency - Modern Standby Support and MSI Ventus GeForce RTX 4070 Ti SUPER Video Card RTX 4070 Ti SUPER 16G VENTU,1284,CORSAIR,0,https://www.newegg.ca/Product/ComboDealDetails?ItemList=Combo.4605710
CORSAIR RM1000e Fully Modular Low-Noise ATX Power Supply - ATX 3.0 PCIe 5.0 Compliant - 105°C-Rated Capacitors - 80 PLUS Gold Efficiency - Modern Standby Support and MSI Ventus GeForce RTX 4070 Ti SUPER Video Card RTX 4070 Ti SUPER 16G VENT,1309,CORSAIR,0,https://www.newegg.ca/Product/ComboDealDetails?ItemList=Combo.4605945
CORSAIR HX1500i Fully Modular Ultra-Low Noise ATX Power Supply - ATX 3.0 PCIe 5.0 Compliant - Fluid Dynamic Bearing Fan - CORSAIR iCUE Software Compatible - 80 PLUS Platinum Efficiency and MSI Ventus GeForce RTX 4070 Ti Video Card RTX 4070,1329,CORSAIR,0,https://www.newegg.ca/Product/ComboDealDetails?ItemList=Combo.4606140
CORSAIR HX1000i Fully Modular Ultra-Low Noise ATX Power Supply - ATX 3.0 PCIe 5.0 Compliant - Fluid Dynamic Bearing Fan - CORSAIR iCUE Software Compatible - 80 PLUS Platinum Efficiency and MSI Ventus GeForce RTX 4070 Ti SUPER Video Card RTX,1374,CORSAIR,0,https://www.newegg.ca/Product/ComboDealDetails?ItemList=Combo.4606065
CORSAIR RM850e Fully Modular Low-Noise ATX Power Supply - ATX 3.0 PCIe 5.0 Compliant - 105°C-Rated Capacitors - 80 PLUS Gold Efficiency - Modern Standby Support and MSI Gaming GeForce RTX 4070 Ti Video Card RTX 4070 Ti GAMING X SLIM 12G,1214,CORSAIR,0,https://www.newegg.ca/Product/ComboDealDetails?ItemList=Combo.4605708
CORSAIR RM1000e Fully Modular Low-Noise ATX Power Supply - ATX 3.0 PCIe 5.0 Compliant - 105°C-Rated Capacitors - 80 PLUS Gold Efficiency - Modern Standby Support and MSI Ventus GeForce RTX 4070 Ti Video Card RTX 4070 Ti VENTUS 3X E 12G OC,1139,CORSAIR,0,https://www.newegg.ca/Product/ComboDealDetails?ItemList=Combo.4605940
CORSAIR HX1500i Fully Modular Ultra-Low Noise ATX Power Supply - ATX 3.0 PCIe 5.0 Compliant - Fluid Dynamic Bearing Fan - CORSAIR iCUE Software Compatible - 80 PLUS Platinum Efficiency and MSI Ventus GeForce RTX 4070 Ti SUPER Video Card RTX,1499,CORSAIR,0,https://www.newegg.ca/Product/ComboDealDetails?ItemList=Combo.4606145
CORSAIR RMx Shift Series RM850x Shift Fully Modular 80PLUS Gold ATX Power Supply and GIGABYTE GeForce RTX 4070 Ti SUPER WINDFORCE OC 16G Graphics Card 3x WINDFORCE Fans 16GB 256-bit GDDR6X GV-N407TSWF3OC-16GD Video Card,1279,CORSAIR,0,https://www.newegg.ca/Product/ComboDealDetails?ItemList=Combo.4605903
CORSAIR RMx Shift Series RM850x Shift Fully Modular 80PLUS Gold ATX Power Supply and GIGABYTE AORUS GeForce RTX 4070 Ti ELITE 12G Graphics Card 3x WINDFORCE Fans 12GB 192-bit GDDR6X GV-N407TAORUS E-12GD Video Card,1489,CORSAIR,0,https://www.newegg.ca/Product/ComboDealDetails?ItemList=Combo.4605919
CORSAIR HX1500i Fully Modular Ultra-Low Noise ATX Power Supply - ATX 3.0 PCIe 5.0 Compliant - Fluid Dynamic Bearing Fan - CORSAIR iCUE Software Compatible - 80 PLUS Platinum Efficiency and ASUS TUF Gaming NVIDIA GeForce RTX 4070 Ti SUPER OC,1559,CORSAIR,0,https://www.newegg.ca/Product/ComboDealDetails?ItemList=Combo.4606153
CORSAIR RMx Shift Series RM850x Shift Fully Modular 80PLUS Gold ATX Power Supply and GIGABYTE AERO GeForce RTX 4070 Ti Video Card GV-N407TAERO OCV2-12GD,1309,CORSAIR,0,https://www.newegg.ca/Product/ComboDealDetails?ItemList=Combo.4605916
CORSAIR RMx Series (2021) RM850x CP-9020200-NA 850 W Power Supply and MSI Ventus GeForce RTX 4070 Ti SUPER Video Card RTX 4070 Ti SUPER 16G VENTUS 2X OC,1274,CORSAIR,0,https://www.newegg.ca/Product/ComboDealDetails?ItemList=Combo.4605585
CORSAIR RMx Series (2021) RM850x CP-9020200-NA 850 W Power Supply and MSI Ventus GeForce RTX 4070 Ti Video Card RTX 4070 Ti VENTUS 2X WHITE 12G OC,1154,CORSAIR,0,https://www.newegg.ca/Product/ComboDealDetails?ItemList=Combo.4605589
CORSAIR RMx Shift Series RM1000x Shift Fully Modular 80PLUS Gold ATX Power Supply and GIGABYTE AERO GeForce RTX 4070 Ti Video Card GV-N407TAERO OCV2-12GD,1339,CORSAIR,0,https://www.newegg.ca/Product/ComboDealDetails?ItemList=Combo.4605996
CORSAIR RMx Shift Series RM850x Shift Fully Modular 80PLUS Gold ATX Power Supply and GIGABYTE GeForce RTX 4070 Ti GAMING OC V2 12G Graphics Card 3x WINDFORCE Fans 12GB 192-bit GDDR6X GV-N407TGAMING OCV2-12GD Video Card,1339,CORSAIR,0,https://www.newegg.ca/Product/ComboDealDetails?ItemList=Combo.4605902
CORSAIR HX1000i Fully Modular Ultra-Low Noise ATX Power Supply - ATX 3.0 PCIe 5.0 Compliant - Fluid Dynamic Bearing Fan - CORSAIR iCUE Software Compatible - 80 PLUS Platinum Efficiency and MSI Ventus GeForce RTX 4070 Ti SUPER Video Card RTX,1404,CORSAIR,0,https://www.newegg.ca/Product/ComboDealDetails?ItemList=Combo.4606070
CORSAIR HX1500i Fully Modular Ultra-Low Noise ATX Power Supply - ATX 3.0 PCIe 5.0 Compliant - Fluid Dynamic Bearing Fan - CORSAIR iCUE Software Compatible - 80 PLUS Platinum Efficiency and MSI Ventus GeForce RTX 4070 Ti SUPER Video Card RTX,1529,CORSAIR,0,https://www.newegg.ca/Product/ComboDealDetails?ItemList=Combo.4606150
CORSAIR RM850e Fully Modular Low-Noise ATX Power Supply - ATX 3.0 PCIe 5.0 Compliant - 105°C-Rated Capacitors - 80 PLUS Gold Efficiency - Modern Standby Support and GIGABYTE AERO GeForce RTX 4070 Ti Video Card GV-N407TAERO OCV2-12GD,1254,CORSAIR,0,https://www.newegg.ca/Product/ComboDealDetails?ItemList=Combo.4605716
CORSAIR RMx Shift Series RM850x Shift Fully Modular 80PLUS Gold ATX Power Supply and ASUS TUF Gaming NVIDIA GeForce RTX 4070 Ti Gaming Graphics Card (PCIe 4.0 12GB GDDR6X HDMI 2.1a DisplayPort 1.4a) TUF-RTX4070TI-12G-GAMING,1309,CORSAIR,0,https://www.newegg.ca/Product/ComboDealDetails?ItemList=Combo.4605904
CORSAIR RMx Shift Series RM1000x Shift Fully Modular 80PLUS Gold ATX Power Supply and GIGABYTE GeForce RTX 4070 Ti SUPER GAMING OC 16G Graphics Card 3x WINDFORCE Fans 16GB 256-bit GDDR6X GV-N407TSGAMING OC-16GD Video Card,1369,CORSAIR,0,https://www.newegg.ca/Product/ComboDealDetails?ItemList=Combo.4605992
CORSAIR HX1500i Fully Modular Ultra-Low Noise ATX Power Supply - ATX 3.0 PCIe 5.0 Compliant - Fluid Dynamic Bearing Fan - CORSAIR iCUE Software Compatible - 80 PLUS Platinum Efficiency and GIGABYTE AERO GeForce RTX 4070 Ti Video Card GV-N40,1499,CORSAIR,0,https://www.newegg.ca/Product/ComboDealDetails?ItemList=Combo.4606156
CORSAIR RM850e Fully Modular Low-Noise ATX Power Supply - ATX 3.0 PCIe 5.0 Compliant - 105°C-Rated Capacitors - 80 PLUS Gold Efficiency - Modern Standby Support and GIGABYTE AORUS GeForce RTX 4070 Ti ELITE 12G Graphics Card 3x WINDFORCE Fan,1434,CORSAIR,0,https://www.newegg.ca/Product/ComboDealDetails?ItemList=Combo.4605719
CORSAIR RMx Shift Series RM850x Shift Fully Modular 80PLUS Gold ATX Power Supply and ASUS ProArt GeForce RTX 4070 Ti 12GB OC Edition GDDR6X Graphics Card (PCIe 4.0 12GB GDDR6X DLSS 3 HDMI 2.1a DisplayPort 1.4a) PROART-RTX4070TI-O12G,1189,CORSAIR,0,https://www.newegg.ca/Product/ComboDealDetails?ItemList=Combo.4605898
CORSAIR RMx Shift Series RM850x Shift Fully Modular 80PLUS Gold ATX Power Supply and GIGABYTE GeForce RTX 4070 Ti EAGLE OC 12G (rev. 2.0) Graphics Card 3x WINDFORCE Fans 12GB 192-bit GDDR6X GV-N407TEAGLE OC-12GD Rev2.0 Video Card,1289,CORSAIR,0,https://www.newegg.ca/Product/ComboDealDetails?ItemList=Combo.4605901
CORSAIR RM1000e Fully Modular Low-Noise ATX Power Supply - ATX 3.0 PCIe 5.0 Compliant - 105°C-Rated Capacitors - 80 PLUS Gold Efficiency - Modern Standby Support and ASUS TUF Gaming NVIDIA GeForce RTX 4070 Ti OC Edition Gaming Graphics Card,1249,CORSAIR,0,https://www.newegg.ca/Product/ComboDealDetails?ItemList=Combo.4605947
CORSAIR HX1000i Fully Modular Ultra-Low Noise ATX Power Supply - ATX 3.0 PCIe 5.0 Compliant - Fluid Dynamic Bearing Fan - CORSAIR iCUE Software Compatible - 80 PLUS Platinum Efficiency and GIGABYTE GeForce RTX 4070 Ti SUPER AERO OC 16G Grap,1444,CORSAIR,0,https://www.newegg.ca/Product/ComboDealDetails?ItemList=Combo.4606075
CORSAIR HX1000i Fully Modular Ultra-Low Noise ATX Power Supply - ATX 3.0 PCIe 5.0 Compliant - Fluid Dynamic Bearing Fan - CORSAIR iCUE Software Compatible - 80 PLUS Platinum Efficiency and GIGABYTE AERO GeForce RTX 4070 Ti Video Card GV-N40,1374,CORSAIR,0,https://www.newegg.ca/Product/ComboDealDetails?ItemList=Combo.4606076
CORSAIR HX1500i Fully Modular Ultra-Low Noise ATX Power Supply - ATX 3.0 PCIe 5.0 Compliant - Fluid Dynamic Bearing Fan - CORSAIR iCUE Software Compatible - 80 PLUS Platinum Efficiency and GIGABYTE GeForce RTX 4070 Ti GAMING OC 12G Graphics,1529,CORSAIR,0,https://www.newegg.ca/Product/ComboDealDetails?ItemList=Combo.4606151
CORSAIR RMx Series (2021) RM1000x CP-9020201-NA 1000 W Power Supply and ASUS TUF Gaming NVIDIA GeForce RTX 4070 Ti Gaming Graphics Card (PCIe 4.0 12GB GDDR6X HDMI 2.1a DisplayPort 1.4a) TUF-RTX4070TI-12G-GAMING,1324,CORSAIR,0,https://www.newegg.ca/Product/ComboDealDetails?ItemList=Combo.4605744
CORSAIR RM1000e Fully Modular Low-Noise ATX Power Supply - ATX 3.0 PCIe 5.0 Compliant - 105°C-Rated Capacitors - 80 PLUS Gold Efficiency - Modern Standby Support and GIGABYTE GeForce RTX 4070 Ti SUPER AERO OC 16G Graphics Card 3x WINDFORCE,1379,CORSAIR,0,https://www.newegg.ca/Product/ComboDealDetails?ItemList=Combo.4605955
CORSAIR RMx Shift Series RM1000x Shift Fully Modular 80PLUS Gold ATX Power Supply and ASUS ProArt GeForce RTX 4070 Ti 12GB OC Edition GDDR6X Graphics Card (PCIe 4.0 12GB GDDR6X DLSS 3 HDMI 2.1a DisplayPort 1.4a) PROART-RTX4070TI-O12G,1219,CORSAIR,0,https://www.newegg.ca/Product/ComboDealDetails?ItemList=Combo.4605978
CORSAIR HX1000i Fully Modular Ultra-Low Noise ATX Power Supply - ATX 3.0 PCIe 5.0 Compliant - Fluid Dynamic Bearing Fan - CORSAIR iCUE Software Compatible - 80 PLUS Platinum Efficiency and GIGABYTE GeForce RTX 4070 Ti GAMING OC 12G Graphics,1404,CORSAIR,0,https://www.newegg.ca/Product/ComboDealDetails?ItemList=Combo.4606071
CORSAIR HX1000i Fully Modular Ultra-Low Noise ATX Power Supply - ATX 3.0 PCIe 5.0 Compliant - Fluid Dynamic Bearing Fan - CORSAIR iCUE Software Compatible - 80 PLUS Platinum Efficiency and ASUS TUF Gaming NVIDIA GeForce RTX 4070 Ti SUPER OC,1434,CORSAIR,0,https://www.newegg.ca/Product/ComboDealDetails?ItemList=Combo.4606073
CORSAIR RMx Series (2021) RM850x CP-9020200-NA 850 W Power Supply and GIGABYTE GeForce RTX 4070 Ti GAMING OC V2 12G Graphics Card 3x WINDFORCE Fans 12GB 192-bit GDDR6X GV-N407TGAMING OCV2-12GD Video Card,1304,CORSAIR,0,https://www.newegg.ca/Product/ComboDealDetails?ItemList=Combo.4605582
CORSAIR RMx Series (2021) RM850x CP-9020200-NA 850 W Power Supply and GIGABYTE AORUS GeForce RTX 4070 Ti ELITE 12G Graphics Card 3x WINDFORCE Fans 12GB 192-bit GDDR6X GV-N407TAORUS E-12GD Video Card,1454,CORSAIR,0,https://www.newegg.ca/Product/ComboDealDetails?ItemList=Combo.4605599
CORSAIR RMx Series (2021) RM850x CP-9020200-NA 850 W Power Supply and ASUS ProArt GeForce RTX 4070 Ti 12GB OC Edition GDDR6X Graphics Card (PCIe 4.0 12GB GDDR6X DLSS 3 HDMI 2.1a DisplayPort 1.4a) PROART-RTX4070TI-O12G,1154,CORSAIR,0,https://www.newegg.ca/Product/ComboDealDetails?ItemList=Combo.4605578
CORSAIR RM1000e Fully Modular Low-Noise ATX Power Supply - ATX 3.0 PCIe 5.0 Compliant - 105°C-Rated Capacitors - 80 PLUS Gold Efficiency - Modern Standby Support and ASUS ProArt GeForce RTX 4070 Ti 12GB OC Edition GDDR6X Graphics Card (PCIe,1189,CORSAIR,0,https://www.newegg.ca/Product/ComboDealDetails?ItemList=Combo.4605938
CORSAIR RM1000e Fully Modular Low-Noise ATX Power Supply - ATX 3.0 PCIe 5.0 Compliant - 105°C-Rated Capacitors - 80 PLUS Gold Efficiency - Modern Standby Support and GIGABYTE GeForce RTX 4070 Ti SUPER GAMING OC 16G Graphics Card 3x WINDFORC,1339,CORSAIR,0,https://www.newegg.ca/Product/ComboDealDetails?ItemList=Combo.4605952
CORSAIR RMx Series (2021) RM850x CP-9020200-NA 850 W Power Supply and GIGABYTE GeForce RTX 4070 Ti SUPER AERO OC 16G Graphics Card 3x WINDFORCE Fans 16GB 256-bit GDDR6X GV-N407TSAERO OC-16GD Video Card,1344,CORSAIR,0,https://www.newegg.ca/Product/ComboDealDetails?ItemList=Combo.4605595
CORSAIR RMx Shift Series RM1000x Shift Fully Modular 80PLUS Gold ATX Power Supply and ASUS TUF Gaming NVIDIA GeForce RTX 4070 Ti Gaming Graphics Card (PCIe 4.0 12GB GDDR6X HDMI 2.1a DisplayPort 1.4a) TUF-RTX4070TI-12G-GAMING,1339,CORSAIR,0,https://www.newegg.ca/Product/ComboDealDetails?ItemList=Combo.4605984
CORSAIR RMx Shift Series RM1000x Shift Fully Modular 80PLUS Gold ATX Power Supply and GIGABYTE GeForce RTX 4070 Ti EAGLE OC 12G (rev. 2.0) Graphics Card 3x WINDFORCE Fans 12GB 192-bit GDDR6X GV-N407TEAGLE OC-12GD Rev2.0 Video Card,1319,CORSAIR,0,https://www.newegg.ca/Product/ComboDealDetails?ItemList=Combo.4605981
CORSAIR HX1000i Fully Modular Ultra-Low Noise ATX Power Supply - ATX 3.0 PCIe 5.0 Compliant - Fluid Dynamic Bearing Fan - CORSAIR iCUE Software Compatible - 80 PLUS Platinum Efficiency and GIGABYTE GeForce RTX 4070 Ti SUPER GAMING OC 16G Gr,1404,CORSAIR,0,https://www.newegg.ca/Product/ComboDealDetails?ItemList=Combo.4606072
CORSAIR HX1000i Fully Modular Ultra-Low Noise ATX Power Supply - ATX 3.0 PCIe 5.0 Compliant - Fluid Dynamic Bearing Fan - CORSAIR iCUE Software Compatible - 80 PLUS Platinum Efficiency and GIGABYTE AORUS GeForce RTX 4070 Ti ELITE 12G Graphi,1554,CORSAIR,0,https://www.newegg.ca/Product/ComboDealDetails?ItemList=Combo.4606079
CORSAIR RMx Shift Series RM1000x Shift Fully Modular 80PLUS Gold ATX Power Supply and GIGABYTE GeForce RTX 4070 Ti SUPER WINDFORCE OC 16G Graphics Card 3x WINDFORCE Fans 16GB 256-bit GDDR6X GV-N407TSWF3OC-16GD Video Card,1309,CORSAIR,0,https://www.newegg.ca/Product/ComboDealDetails?ItemList=Combo.4605983
CORSAIR RMx Series (2021) RM850x CP-9020200-NA 850 W Power Supply and ASUS TUF Gaming NVIDIA GeForce RTX 4070 Ti OC Edition Gaming Graphics Card (PCIe 4.0 12GB GDDR6X HDMI 2.1a DisplayPort 1.4a) TUF-RTX4070TI-O12G-GAMING,1214,CORSAIR,0,https://www.newegg.ca/Product/ComboDealDetails?ItemList=Combo.4605587
CORSAIR RM850e Fully Modular Low-Noise ATX Power Supply - ATX 3.0 PCIe 5.0 Compliant - 105°C-Rated Capacitors - 80 PLUS Gold Efficiency - Modern Standby Support and ASUS TUF Gaming NVIDIA GeForce RTX 4070 Ti OC Edition Gaming Graphics Card,1194,CORSAIR,0,https://www.newegg.ca/Product/ComboDealDetails?ItemList=Combo.4605707
CORSAIR RM1000e Fully Modular Low-Noise ATX Power Supply - ATX 3.0 PCIe 5.0 Compliant - 105°C-Rated Capacitors - 80 PLUS Gold Efficiency - Modern Standby Support and GIGABYTE GeForce RTX 4070 Ti EAGLE OC 12G (rev. 2.0) Graphics Card 3x WIND,1289,CORSAIR,0,https://www.newegg.ca/Product/ComboDealDetails?ItemList=Combo.4605941
CORSAIR RMx Shift Series RM1000x Shift Fully Modular 80PLUS Gold ATX Power Supply and GIGABYTE GeForce RTX 4070 Ti GAMING OC 12G Graphics Card 3x WINDFORCE Fans 12GB 192-bit GDDR6X GV-N407TGAMING OC-12GD Video Card,1369,CORSAIR,0,https://www.newegg.ca/Product/ComboDealDetails?ItemList=Combo.4605991
CORSAIR HX1500i Fully Modular Ultra-Low Noise ATX Power Supply - ATX 3.0 PCIe 5.0 Compliant - Fluid Dynamic Bearing Fan - CORSAIR iCUE Software Compatible - 80 PLUS Platinum Efficiency and ASUS TUF Gaming NVIDIA GeForce RTX 4070 Ti OC Editi,1439,CORSAIR,0,https://www.newegg.ca/Product/ComboDealDetails?ItemList=Combo.4606147
CORSAIR HX1000i Fully Modular Ultra-Low Noise ATX Power Supply - ATX 3.0 PCIe 5.0 Compliant - Fluid Dynamic Bearing Fan - CORSAIR iCUE Software Compatible - 80 PLUS Platinum Efficiency and ASUS ProArt GeForce RTX 4070 Ti 12GB OC Edition GDD,1254,CORSAIR,0,https://www.newegg.ca/Product/ComboDealDetails?ItemList=Combo.4606058
CORSAIR HX1000i Fully Modular Ultra-Low Noise ATX Power Supply - ATX 3.0 PCIe 5.0 Compliant - Fluid Dynamic Bearing Fan - CORSAIR iCUE Software Compatible - 80 PLUS Platinum Efficiency and ASUS TUF Gaming NVIDIA GeForce RTX 4070 Ti OC Editi,1314,CORSAIR,0,https://www.newegg.ca/Product/ComboDealDetails?ItemList=Combo.4606067
CORSAIR HX1500i Fully Modular Ultra-Low Noise ATX Power Supply - ATX 3.0 PCIe 5.0 Compliant - Fluid Dynamic Bearing Fan - CORSAIR iCUE Software Compatible - 80 PLUS Platinum Efficiency and GIGABYTE GeForce RTX 4070 Ti SUPER AERO OC 16G Grap,1569,CORSAIR,0,https://www.newegg.ca/Product/ComboDealDetails?ItemList=Combo.4606155
CORSAIR RMx Series (2021) RM850x CP-9020200-NA 850 W Power Supply and ASUS TUF Gaming NVIDIA GeForce RTX 4070 Ti SUPER OC Edition Gaming Graphics Card (PCIe 4.0 16GB GDDR6X HDMI 2.1a DisplayPort 1.4a) TUF-RTX4070TIS-O16G-GAMING,1334,CORSAIR,0,https://www.newegg.ca/Product/ComboDealDetails?ItemList=Combo.4605593
CORSAIR RM850e Fully Modular Low-Noise ATX Power Supply - ATX 3.0 PCIe 5.0 Compliant - 105°C-Rated Capacitors - 80 PLUS Gold Efficiency - Modern Standby Support and GIGABYTE GeForce RTX 4070 Ti SUPER AERO OC 16G Graphics Card 3x WINDFORCE F,1324,CORSAIR,0,https://www.newegg.ca/Product/ComboDealDetails?ItemList=Combo.4605715
CORSAIR RMx Shift Series RM850x Shift Fully Modular 80PLUS Gold ATX Power Supply and ASUS TUF Gaming NVIDIA GeForce RTX 4070 Ti SUPER OC Edition Gaming Graphics Card (PCIe 4.0 16GB GDDR6X HDMI 2.1a DisplayPort 1.4a) TUF-RTX4070TIS-O16G-GAMI,1369,CORSAIR,0,https://www.newegg.ca/Product/ComboDealDetails?ItemList=Combo.4605913
CORSAIR HX1000i Fully Modular Ultra-Low Noise ATX Power Supply - ATX 3.0 PCIe 5.0 Compliant - Fluid Dynamic Bearing Fan - CORSAIR iCUE Software Compatible - 80 PLUS Platinum Efficiency and ASUS TUF Gaming NVIDIA GeForce RTX 4070 Ti Gaming G,1374,CORSAIR,0,https://www.newegg.ca/Product/ComboDealDetails?ItemList=Combo.4606064
CORSAIR HX1500i Fully Modular Ultra-Low Noise ATX Power Supply - ATX 3.0 PCIe 5.0 Compliant - Fluid Dynamic Bearing Fan - CORSAIR iCUE Software Compatible - 80 PLUS Platinum Efficiency and ASUS ProArt GeForce RTX 4070 Ti 12GB OC Edition GDD,1379,CORSAIR,0,https://www.newegg.ca/Product/ComboDealDetails?ItemList=Combo.4606138
CORSAIR RMx Series (2021) RM850x CP-9020200-NA 850 W Power Supply and GIGABYTE GeForce RTX 4070 Ti SUPER GAMING OC 16G Graphics Card 3x WINDFORCE Fans 16GB 256-bit GDDR6X GV-N407TSGAMING OC-16GD Video Card,1304,CORSAIR,0,https://www.newegg.ca/Product/ComboDealDetails?ItemList=Combo.4605592
CORSAIR RMx Shift Series RM1000x Shift Fully Modular 80PLUS Gold ATX Power Supply and GIGABYTE GeForce RTX 4070 Ti GAMING OC V2 12G Graphics Card 3x WINDFORCE Fans 12GB 192-bit GDDR6X GV-N407TGAMING OCV2-12GD Video Card,1369,CORSAIR,0,https://www.newegg.ca/Product/ComboDealDetails?ItemList=Combo.4605982
CORSAIR RMx Shift Series RM1000x Shift Fully Modular 80PLUS Gold ATX Power Supply and GIGABYTE GeForce RTX 4070 Ti SUPER AERO OC 16G Graphics Card 3x WINDFORCE Fans 16GB 256-bit GDDR6X GV-N407TSAERO OC-16GD Video Card,1409,CORSAIR,0,https://www.newegg.ca/Product/ComboDealDetails?ItemList=Combo.4605995
CORSAIR HX1500i Fully Modular Ultra-Low Noise ATX Power Supply - ATX 3.0 PCIe 5.0 Compliant - Fluid Dynamic Bearing Fan - CORSAIR iCUE Software Compatible - 80 PLUS Platinum Efficiency and ASUS TUF Gaming NVIDIA GeForce RTX 4070 Ti Gaming G,1499,CORSAIR,0,https://www.newegg.ca/Product/ComboDealDetails?ItemList=Combo.4606144
CORSAIR RM1000e Fully Modular Low-Noise ATX Power Supply - ATX 3.0 PCIe 5.0 Compliant - 105°C-Rated Capacitors - 80 PLUS Gold Efficiency - Modern Standby Support and GIGABYTE GeForce RTX 4070 Ti GAMING OC V2 12G Graphics Card 3x WINDFORCE F,1339,CORSAIR,0,https://www.newegg.ca/Product/ComboDealDetails?ItemList=Combo.4605942
CORSAIR RMx Shift Series RM1000x Shift Fully Modular 80PLUS Gold ATX Power Supply and ASUS TUF Gaming NVIDIA GeForce RTX 4070 Ti SUPER OC Edition Gaming Graphics Card (PCIe 4.0 16GB GDDR6X HDMI 2.1a DisplayPort 1.4a) TUF-RTX4070TIS-O16G-GAM,1399,CORSAIR,0,https://www.newegg.ca/Product/ComboDealDetails?ItemList=Combo.4605993
CORSAIR RMx Shift Series RM850x Shift Fully Modular 80PLUS Gold ATX Power Supply and GIGABYTE GeForce RTX 4070 Ti GAMING OC 12G Graphics Card 3x WINDFORCE Fans 12GB 192-bit GDDR6X GV-N407TGAMING OC-12GD Video Card,1339,CORSAIR,0,https://www.newegg.ca/Product/ComboDealDetails?ItemList=Combo.4605911
CORSAIR RMx Series (2021) RM1000x CP-9020201-NA 1000 W Power Supply and GIGABYTE AERO GeForce RTX 4070 Ti Video Card GV-N407TAERO OCV2-12GD,1324,CORSAIR,0,https://www.newegg.ca/Product/ComboDealDetails?ItemList=Combo.4605756
CORSAIR RM1000e Fully Modular Low-Noise ATX Power Supply - ATX 3.0 PCIe 5.0 Compliant - 105°C-Rated Capacitors - 80 PLUS Gold Efficiency - Modern Standby Support and GIGABYTE AORUS GeForce RTX 4070 Ti ELITE 12G Graphics Card 3x WINDFORCE Fa,1489,CORSAIR,0,https://www.newegg.ca/Product/ComboDealDetails?ItemList=Combo.4605959
CORSAIR RMx Series (2021) RM850x CP-9020200-NA 850 W Power Supply and GIGABYTE GeForce RTX 4070 Ti EAGLE OC 12G (rev. 2.0) Graphics Card 3x WINDFORCE Fans 12GB 192-bit GDDR6X GV-N407TEAGLE OC-12GD Rev2.0 Video Card,1254,CORSAIR,0,https://www.newegg.ca/Product/ComboDealDetails?ItemList=Combo.4605581
CORSAIR RM850e Fully Modular Low-Noise ATX Power Supply - ATX 3.0 PCIe 5.0 Compliant - 105°C-Rated Capacitors - 80 PLUS Gold Efficiency - Modern Standby Support and ASUS ProArt GeForce RTX 4070 Ti 12GB OC Edition GDDR6X Graphics Card (PCIe,1134,CORSAIR,0,https://www.newegg.ca/Product/ComboDealDetails?ItemList=Combo.4605698
CORSAIR RM850e Fully Modular Low-Noise ATX Power Supply - ATX 3.0 PCIe 5.0 Compliant - 105°C-Rated Capacitors - 80 PLUS Gold Efficiency - Modern Standby Support and GIGABYTE GeForce RTX 4070 Ti EAGLE OC 12G (rev. 2.0) Graphics Card 3x WINDF,1234,CORSAIR,0,https://www.newegg.ca/Product/ComboDealDetails?ItemList=Combo.4605701
CORSAIR RM850e Fully Modular Low-Noise ATX Power Supply - ATX 3.0 PCIe 5.0 Compliant - 105°C-Rated Capacitors - 80 PLUS Gold Efficiency - Modern Standby Support and GIGABYTE GeForce RTX 4070 Ti SUPER GAMING OC 16G Graphics Card 3x WINDFORCE,1284,CORSAIR,0,https://www.newegg.ca/Product/ComboDealDetails?ItemList=Combo.4605712
CORSAIR RM1000e Fully Modular Low-Noise ATX Power Supply - ATX 3.0 PCIe 5.0 Compliant - 105°C-Rated Capacitors - 80 PLUS Gold Efficiency - Modern Standby Support and ASUS TUF Gaming NVIDIA GeForce RTX 4070 Ti Gaming Graphics Card (PCIe 4.0,1309,CORSAIR,0,https://www.newegg.ca/Product/ComboDealDetails?ItemList=Combo.4605944
CORSAIR HX1500i Fully Modular Ultra-Low Noise ATX Power Supply - ATX 3.0 PCIe 5.0 Compliant - Fluid Dynamic Bearing Fan - CORSAIR iCUE Software Compatible - 80 PLUS Platinum Efficiency and GIGABYTE GeForce RTX 4070 Ti SUPER WINDFORCE OC 16G,1469,CORSAIR,0,https://www.newegg.ca/Product/ComboDealDetails?ItemList=Combo.4606143
CORSAIR RMx Shift Series RM850x Shift Fully Modular 80PLUS Gold ATX Power Supply and GIGABYTE GeForce RTX 4070 Ti SUPER GAMING OC 16G Graphics Card 3x WINDFORCE Fans 16GB 256-bit GDDR6X GV-N407TSGAMING OC-16GD Video Card,1339,CORSAIR,0,https://www.newegg.ca/Product/ComboDealDetails?ItemList=Combo.4605912
CORSAIR RM850e Fully Modular Low-Noise ATX Power Supply - ATX 3.0 PCIe 5.0 Compliant - 105°C-Rated Capacitors - 80 PLUS Gold Efficiency - Modern Standby Support and ASUS TUF Gaming NVIDIA GeForce RTX 4070 Ti Gaming Graphics Card (PCIe 4.0 1,1254,CORSAIR,0,https://www.newegg.ca/Product/ComboDealDetails?ItemList=Combo.4605704
CORSAIR RMx Series (2021) RM1000x CP-9020201-NA 1000 W Power Supply and GIGABYTE AORUS GeForce RTX 4070 Ti ELITE 12G Graphics Card 3x WINDFORCE Fans 12GB 192-bit GDDR6X GV-N407TAORUS E-12GD Video Card,1504,CORSAIR,0,https://www.newegg.ca/Product/ComboDealDetails?ItemList=Combo.4605759
CORSAIR RM1000e Fully Modular Low-Noise ATX Power Supply - ATX 3.0 PCIe 5.0 Compliant - 105°C-Rated Capacitors - 80 PLUS Gold Efficiency - Modern Standby Support and GIGABYTE GeForce RTX 4070 Ti SUPER WINDFORCE OC 16G Graphics Card 3x WINDF,1279,CORSAIR,0,https://www.newegg.ca/Product/ComboDealDetails?ItemList=Combo.4605943
CORSAIR RM1000e Fully Modular Low-Noise ATX Power Supply - ATX 3.0 PCIe 5.0 Compliant - 105°C-Rated Capacitors - 80 PLUS Gold Efficiency - Modern Standby Support and ASUS TUF Gaming NVIDIA GeForce RTX 4070 Ti SUPER OC Edition Gaming Graphic,1369,CORSAIR,0,https://www.newegg.ca/Product/ComboDealDetails?ItemList=Combo.4605953
CORSAIR RMx Shift Series RM1000x Shift Fully Modular 80PLUS Gold ATX Power Supply and ASUS TUF Gaming NVIDIA GeForce RTX 4070 Ti OC Edition Gaming Graphics Card (PCIe 4.0 12GB GDDR6X HDMI 2.1a DisplayPort 1.4a) TUF-RTX4070TI-O12G-GAMING,1279,CORSAIR,0,https://www.newegg.ca/Product/ComboDealDetails?ItemList=Combo.4605987
CORSAIR HX1500i Fully Modular Ultra-Low Noise ATX Power Supply - ATX 3.0 PCIe 5.0 Compliant - Fluid Dynamic Bearing Fan - CORSAIR iCUE Software Compatible - 80 PLUS Platinum Efficiency and GIGABYTE AORUS GeForce RTX 4070 Ti ELITE 12G Graphi,1679,CORSAIR,0,https://www.newegg.ca/Product/ComboDealDetails?ItemList=Combo.4606159
CORSAIR RM850e Fully Modular Low-Noise ATX Power Supply - ATX 3.0 PCIe 5.0 Compliant - 105°C-Rated Capacitors - 80 PLUS Gold Efficiency - Modern Standby Support and GIGABYTE GeForce RTX 4070 Ti GAMING OC V2 12G Graphics Card 3x WINDFORCE Fa,1284,CORSAIR,0,https://www.newegg.ca/Product/ComboDealDetails?ItemList=Combo.4605702
CORSAIR RM850e Fully Modular Low-Noise ATX Power Supply - ATX 3.0 PCIe 5.0 Compliant - 105°C-Rated Capacitors - 80 PLUS Gold Efficiency - Modern Standby Support and GIGABYTE GeForce RTX 4070 Ti GAMING OC 12G Graphics Card 3x WINDFORCE Fans,1284,CORSAIR,0,https://www.newegg.ca/Product/ComboDealDetails?ItemList=Combo.4605711
CORSAIR RMx Series (2021) RM1000x CP-9020201-NA 1000 W Power Supply and GIGABYTE GeForce RTX 4070 Ti SUPER GAMING OC 16G Graphics Card 3x WINDFORCE Fans 16GB 256-bit GDDR6X GV-N407TSGAMING OC-16GD Video Card,1354,CORSAIR,0,https://www.newegg.ca/Product/ComboDealDetails?ItemList=Combo.4605752
CORSAIR RMx Series (2021) RM1000x CP-9020201-NA 1000 W Power Supply and ASUS TUF Gaming NVIDIA GeForce RTX 4070 Ti SUPER OC Edition Gaming Graphics Card (PCIe 4.0 16GB GDDR6X HDMI 2.1a DisplayPort 1.4a) TUF-RTX4070TIS-O16G-GAMING,1384,CORSAIR,0,https://www.newegg.ca/Product/ComboDealDetails?ItemList=Combo.4605753
CORSAIR RMx Series (2021) RM850x CP-9020200-NA 850 W Power Supply and ASUS TUF Gaming NVIDIA GeForce RTX 4070 Ti Gaming Graphics Card (PCIe 4.0 12GB GDDR6X HDMI 2.1a DisplayPort 1.4a) TUF-RTX4070TI-12G-GAMING,1274,CORSAIR,0,https://www.newegg.ca/Product/ComboDealDetails?ItemList=Combo.4605584
CORSAIR RM850e Fully Modular Low-Noise ATX Power Supply - ATX 3.0 PCIe 5.0 Compliant - 105°C-Rated Capacitors - 80 PLUS Gold Efficiency - Modern Standby Support and GIGABYTE GeForce RTX 4070 Ti SUPER WINDFORCE OC 16G Graphics Card 3x WINDFO,1224,CORSAIR,0,https://www.newegg.ca/Product/ComboDealDetails?ItemList=Combo.4605703
CORSAIR RM850e Fully Modular Low-Noise ATX Power Supply - ATX 3.0 PCIe 5.0 Compliant - 105°C-Rated Capacitors - 80 PLUS Gold Efficiency - Modern Standby Support and ASUS TUF Gaming NVIDIA GeForce RTX 4070 Ti SUPER OC Edition Gaming Graphics,1314,CORSAIR,0,https://www.newegg.ca/Product/ComboDealDetails?ItemList=Combo.4605713
CORSAIR RM1000e Fully Modular Low-Noise ATX Power Supply - ATX 3.0 PCIe 5.0 Compliant - 105°C-Rated Capacitors - 80 PLUS Gold Efficiency - Modern Standby Support and GIGABYTE GeForce RTX 4070 Ti GAMING OC 12G Graphics Card 3x WINDFORCE Fans,1339,CORSAIR,0,https://www.newegg.ca/Product/ComboDealDetails?ItemList=Combo.4605951
CORSAIR RMx Series (2021) RM1000x CP-9020201-NA 1000 W Power Supply and GIGABYTE GeForce RTX 4070 Ti SUPER WINDFORCE OC 16G Graphics Card 3x WINDFORCE Fans 16GB 256-bit GDDR6X GV-N407TSWF3OC-16GD Video Card,1294,CORSAIR,0,https://www.newegg.ca/Product/ComboDealDetails?ItemList=Combo.4605743
CORSAIR RMx Series (2021) RM1000x CP-9020201-NA 1000 W Power Supply and GIGABYTE GeForce RTX 4070 Ti GAMING OC 12G Graphics Card 3x WINDFORCE Fans 12GB 192-bit GDDR6X GV-N407TGAMING OC-12GD Video Card,1354,CORSAIR,0,https://www.newegg.ca/Product/ComboDealDetails?ItemList=Combo.4605751
CORSAIR HX1500i Fully Modular Ultra-Low Noise ATX Power Supply - ATX 3.0 PCIe 5.0 Compliant - Fluid Dynamic Bearing Fan - CORSAIR iCUE Software Compatible - 80 PLUS Platinum Efficiency and GIGABYTE GeForce RTX 4070 Ti EAGLE OC 12G (rev. 2.0,1479,CORSAIR,0,https://www.newegg.ca/Product/ComboDealDetails?ItemList=Combo.4606141
GIGABYTE AERO GeForce RTX 4070 Ti 12GB GDDR6X PCI Express 4.0 x16 ATX Video Card GV-N407TAERO OCV2-12GD,934,GIGABYTE,0,https://www.newegg.ca/gigabyte-geforce-rtx-4070-ti-gv-n407taero-ocv2-12gd/p/N82E16814932615R
CORSAIR RMx Series (2021) RM850x CP-9020200-NA 850 W Power Supply and GIGABYTE GeForce RTX 4070 Ti SUPER WINDFORCE OC 16G Graphics Card 3x WINDFORCE Fans 16GB 256-bit GDDR6X GV-N407TSWF3OC-16GD Video Card,1244,CORSAIR,0,https://www.newegg.ca/Product/ComboDealDetails?ItemList=Combo.4605583
CORSAIR RMx Shift Series RM850x Shift Fully Modular 80PLUS Gold ATX Power Supply and GIGABYTE GeForce RTX 4070 Ti SUPER AERO OC 16G Graphics Card 3x WINDFORCE Fans 16GB 256-bit GDDR6X GV-N407TSAERO OC-16GD Video Card,1379,CORSAIR,0,https://www.newegg.ca/Product/ComboDealDetails?ItemList=Combo.4605915
CORSAIR RM1000e Fully Modular Low-Noise ATX Power Supply - ATX 3.0 PCIe 5.0 Compliant - 105°C-Rated Capacitors - 80 PLUS Gold Efficiency - Modern Standby Support and GIGABYTE AERO GeForce RTX 4070 Ti Video Card GV-N407TAERO OCV2-12GD,1309,CORSAIR,0,https://www.newegg.ca/Product/ComboDealDetails?ItemList=Combo.4605956
CORSAIR RMx Series (2021) RM1000x CP-9020201-NA 1000 W Power Supply and ASUS ProArt GeForce RTX 4070 Ti 12GB OC Edition GDDR6X Graphics Card (PCIe 4.0 12GB GDDR6X DLSS 3 HDMI 2.1a DisplayPort 1.4a) PROART-RTX4070TI-O12G,1204,CORSAIR,0,https://www.newegg.ca/Product/ComboDealDetails?ItemList=Combo.4605738
CORSAIR HX1000i Fully Modular Ultra-Low Noise ATX Power Supply - ATX 3.0 PCIe 5.0 Compliant - Fluid Dynamic Bearing Fan - CORSAIR iCUE Software Compatible - 80 PLUS Platinum Efficiency and GIGABYTE GeForce RTX 4070 Ti GAMING OC V2 12G Graph,1404,CORSAIR,0,https://www.newegg.ca/Product/ComboDealDetails?ItemList=Combo.4606062
CORSAIR HX1000i Fully Modular Ultra-Low Noise ATX Power Supply - ATX 3.0 PCIe 5.0 Compliant - Fluid Dynamic Bearing Fan - CORSAIR iCUE Software Compatible - 80 PLUS Platinum Efficiency and GIGABYTE GeForce RTX 4070 Ti SUPER WINDFORCE OC 16G,1344,CORSAIR,0,https://www.newegg.ca/Product/ComboDealDetails?ItemList=Combo.4606063
CORSAIR RMx Shift Series RM1000x Shift Fully Modular 80PLUS Gold ATX Power Supply and GIGABYTE AORUS GeForce RTX 4070 Ti ELITE 12G Graphics Card 3x WINDFORCE Fans 12GB 192-bit GDDR6X GV-N407TAORUS E-12GD Video Card,1519,CORSAIR,0,https://www.newegg.ca/Product/ComboDealDetails?ItemList=Combo.4605999
CORSAIR RMx Series (2021) RM1000x CP-9020201-NA 1000 W Power Supply and ASUS TUF Gaming NVIDIA GeForce RTX 4070 Ti OC Edition Gaming Graphics Card (PCIe 4.0 12GB GDDR6X HDMI 2.1a DisplayPort 1.4a) TUF-RTX4070TI-O12G-GAMING,1264,CORSAIR,0,https://www.newegg.ca/Product/ComboDealDetails?ItemList=Combo.4605747
CORSAIR RMx Series (2021) RM1000x CP-9020201-NA 1000 W Power Supply and GIGABYTE GeForce RTX 4070 Ti EAGLE OC 12G (rev. 2.0) Graphics Card 3x WINDFORCE Fans 12GB 192-bit GDDR6X GV-N407TEAGLE OC-12GD Rev2.0 Video Card,1304,CORSAIR,0,https://www.newegg.ca/Product/ComboDealDetails?ItemList=Combo.4605741
CORSAIR RMx Series (2021) RM850x CP-9020200-NA 850 W Power Supply and GIGABYTE GeForce RTX 4070 Ti GAMING OC 12G Graphics Card 3x WINDFORCE Fans 12GB 192-bit GDDR6X GV-N407TGAMING OC-12GD Video Card,1304,CORSAIR,0,https://www.newegg.ca/Product/ComboDealDetails?ItemList=Combo.4605591
CORSAIR HX1000i Fully Modular Ultra-Low Noise ATX Power Supply - ATX 3.0 PCIe 5.0 Compliant - Fluid Dynamic Bearing Fan - CORSAIR iCUE Software Compatible - 80 PLUS Platinum Efficiency and GIGABYTE GeForce RTX 4070 Ti EAGLE OC 12G (rev. 2.0,1354,CORSAIR,0,https://www.newegg.ca/Product/ComboDealDetails?ItemList=Combo.4606061
CORSAIR HX1500i Fully Modular Ultra-Low Noise ATX Power Supply - ATX 3.0 PCIe 5.0 Compliant - Fluid Dynamic Bearing Fan - CORSAIR iCUE Software Compatible - 80 PLUS Platinum Efficiency and GIGABYTE GeForce RTX 4070 Ti SUPER GAMING OC 16G Gr,1529,CORSAIR,0,https://www.newegg.ca/Product/ComboDealDetails?ItemList=Combo.4606152
CORSAIR RMx Series (2021) RM1000x CP-9020201-NA 1000 W Power Supply and GIGABYTE GeForce RTX 4070 Ti SUPER AERO OC 16G Graphics Card 3x WINDFORCE Fans 16GB 256-bit GDDR6X GV-N407TSAERO OC-16GD Video Card,1394,CORSAIR,0,https://www.newegg.ca/Product/ComboDealDetails?ItemList=Combo.4605755
CORSAIR RMx Series (2021) RM850x CP-9020200-NA 850 W Power Supply and GIGABYTE AERO GeForce RTX 4070 Ti Video Card GV-N407TAERO OCV2-12GD,1274,CORSAIR,0,https://www.newegg.ca/Product/ComboDealDetails?ItemList=Combo.4605596
CORSAIR RMx Series (2021) RM1000x CP-9020201-NA 1000 W Power Supply and GIGABYTE GeForce RTX 4070 Ti GAMING OC V2 12G Graphics Card 3x WINDFORCE Fans 12GB 192-bit GDDR6X GV-N407TGAMING OCV2-12GD Video Card,1354,CORSAIR,0,https://www.newegg.ca/Product/ComboDealDetails?ItemList=Combo.4605742
CORSAIR RMx Shift Series RM850x Shift Fully Modular 80PLUS Gold ATX Power Supply and ASUS TUF Gaming NVIDIA GeForce RTX 4070 Ti OC Edition Gaming Graphics Card (PCIe 4.0 12GB GDDR6X HDMI 2.1a DisplayPort 1.4a) TUF-RTX4070TI-O12G-GAMING,1249,CORSAIR,0,https://www.newegg.ca/Product/ComboDealDetails?ItemList=Combo.4605907
CORSAIR HX1500i Fully Modular Ultra-Low Noise ATX Power Supply - ATX 3.0 PCIe 5.0 Compliant - Fluid Dynamic Bearing Fan - CORSAIR iCUE Software Compatible - 80 PLUS Platinum Efficiency and GIGABYTE GeForce RTX 4070 Ti GAMING OC V2 12G Graph,1529,CORSAIR,0,https://www.newegg.ca/Product/ComboDealDetails?ItemList=Combo.4606142
"ASUS TUF Gaming NVIDIA GeForce RTX 4070 Ti OC Edition Gaming Graphics Card (PCIe 4.0, 12GB GDDR6X, HDMI 2.1a, DisplayPort 1.4a) TUF-RTX4070TI-O12G-GAMING",960,ASUS,0,https://www.newegg.ca/asus-geforce-rtx-4070-ti-tuf-rtx4070ti-o12g-gaming/p/N82E16814126606R
